week_ending,region,slaughter_beef_dairy,predicted,residual,pct_error
2016-01-02,region_4,7.0,12.380051,-5.3800506591796875,76.85786655970982
2016-01-09,region_4,11.6,12.531578,-0.9315780639648441,8.030845379007276
2016-01-16,region_4,10.5,13.494362,-2.9943618774414062,28.517732166108633
2016-01-23,region_4,9.5,13.138561,-3.638561248779297,38.3006447239926
2016-01-30,region_4,9.9,13.1844845,-3.284484481811523,33.17661092738912
2016-02-06,region_4,10.9,15.311121,-4.411120986938476,40.468999880169505
2016-02-13,region_4,10.4,13.81111,-3.4111095428466793,32.799130219679604
2016-02-20,region_4,9.7,14.338286,-4.638286399841309,47.81738556537432
2016-02-27,region_4,10.5,13.633305,-3.1333045959472656,29.84099615187872
2016-03-05,region_4,10.6,13.205449,-2.6054491043090824,24.579708531217758
2016-03-12,region_4,10.7,12.981576,-2.2815759658813484,21.323139868049985
2016-03-19,region_4,10.7,14.115256,-3.415256309509278,31.918283266441854
2016-03-26,region_4,8.9,13.578559,-4.6785589218139645,52.568077773190616
2016-04-02,region_4,8.8,12.795397,-3.9953968048095696,45.402236418290556
2016-04-09,region_4,9.7,14.063975,-4.363975334167481,44.9894364347163
2016-04-16,region_4,9.1,13.190573,-4.090572738647461,44.95134877634573
2016-04-23,region_4,9.4,13.502321,-4.1023212432861325,43.64171535410779
2016-04-30,region_4,9.6,12.888621,-3.288621330261231,34.25647219022115
2016-05-07,region_4,9.3,12.817027,-3.5170270919799798,37.81749561268795
2016-05-14,region_4,8.6,12.133485,-3.5334848403930668,41.08703302782636
2016-05-21,region_4,9.8,12.708534,-2.9085342407226555,29.678920823700565
2016-05-28,region_4,9.0,12.851915,-3.8519153594970703,42.79905954996745
2016-06-04,region_4,8.7,13.844933,-5.1449325561523445,59.137155817843045
2016-06-11,region_4,9.4,14.067501,-4.667501068115234,49.65426668207696
2016-06-18,region_4,8.8,13.394394,-4.594393920898437,52.20902182839132
2016-06-25,region_4,10.3,12.1622505,-1.8622505187988274,18.08010212426046
2016-07-02,region_4,10.0,12.20638,-2.2063798904418945,22.063798904418945
2016-07-09,region_4,6.7,11.625332,-4.925331878662109,73.51241609943446
2016-07-16,region_4,10.6,13.687981,-3.087980651855469,29.131892942032728
2016-07-23,region_4,9.4,12.198552,-2.7985521316528317,29.77183118779608
2016-07-30,region_4,9.5,13.138045,-3.638045310974121,38.29521379972759
2016-08-06,region_4,10.1,12.451958,-2.351957702636719,23.28670992709623
2016-08-13,region_4,9.5,11.923549,-2.423548698425293,25.511038930792555
2016-08-20,region_4,9.9,12.363063,-2.4630628585815426,24.879422813954974
2016-08-27,region_4,9.9,12.332317,-2.4323173522949215,24.568862144393147
2016-09-03,region_4,10.2,12.713306,-2.513306427001954,24.640259088254453
2016-09-10,region_4,8.6,12.566624,-3.966623687744141,46.12353125283885
2016-09-17,region_4,10.1,12.929125,-2.8291248321533207,28.01113695201308
2016-09-24,region_4,10.1,13.834154,-3.7341541290283207,36.97182305968634
2016-10-01,region_4,9.6,13.463893,-3.8638929367065433,40.248884757359825
2016-10-08,region_4,10.3,14.825326,-4.525325965881347,43.93520355224608
2016-10-15,region_4,9.9,15.384484,-5.48448429107666,55.398831222996556
2016-10-22,region_4,10.0,15.997622,-5.997621536254883,59.97621536254882
2016-10-29,region_4,10.3,17.853088,-7.553088378906249,73.33095513501212
2016-11-05,region_4,10.8,17.663471,-6.863471221923827,63.550659462257656
2016-11-12,region_4,10.7,17.51939,-6.819390106201173,63.73261781496423
2016-11-19,region_4,10.5,17.556479,-7.056478500366211,67.20455714634487
2016-11-26,region_4,9.0,17.53928,-8.53927993774414,94.88088819715712
2016-12-03,region_4,10.9,16.06957,-5.169570541381836,47.42725267322785
2016-12-10,region_4,10.2,16.54855,-6.34854965209961,62.24068286372167
2016-12-17,region_4,10.5,15.268929,-4.768928527832031,45.41836693173364
2016-12-24,region_4,9.9,13.751225,-3.8512254714965817,38.90126738885436
2016-12-31,region_4,8.1,13.017136,-4.917135620117188,60.70537802613812
2017-01-07,region_4,9.5,12.511031,-3.011031150817871,31.695064745451273
2017-01-14,region_4,10.1,12.919584,-2.8195842742919925,27.916675983089036
2017-01-21,region_4,10.9,13.281544,-2.3815437316894528,21.849025061371126
2017-01-28,region_4,9.6,12.972326,-3.372326278686524,35.128398736317955
2017-02-04,region_4,9.6,12.730189,-3.1301893234252933,32.60613878568014
2017-02-11,region_4,10.2,12.632987,-2.432987022399903,23.85281394509709
2017-02-18,region_4,9.7,13.095698,-3.3956983566284187,35.0071995528703
2017-02-25,region_4,10.1,12.417462,-2.3174623489379886,22.945171771663254
2017-03-04,region_4,9.3,13.51295,-4.21294994354248,45.300537027338486
2017-03-11,region_4,10.6,13.410001,-2.810000801086426,26.509441519683268
2017-03-18,region_4,8.9,14.088079,-5.188079452514648,58.293027556344356
2017-03-25,region_4,10.5,14.020095,-3.520094871520996,33.52471306210473
2017-04-01,region_4,9.7,14.120757,-4.420757102966309,45.57481549449804
2017-04-08,region_4,10.3,14.846733,-4.546733093261718,44.14303974040503
2017-04-15,region_4,10.0,14.26764,-4.267640113830566,42.676401138305664
2017-04-22,region_4,10.6,14.421196,-3.821195983886719,36.049018715912446
2017-04-29,region_4,10.9,13.647795,-2.747794723510742,25.20912590376827
2017-05-06,region_4,9.7,13.388219,-3.6882188796997077,38.0228750484506
2017-05-13,region_4,10.5,13.198916,-2.698916435241699,25.703966049920947
2017-05-20,region_4,9.4,14.67371,-5.273709869384765,56.103296482816646
2017-05-27,region_4,9.6,13.758185,-4.158185386657715,43.31443111101787
2017-06-03,region_4,9.1,13.136316,-4.036316299438477,44.35512416965359
2017-06-10,region_4,10.2,12.261912,-2.061912345886231,20.21482692045325
2017-06-17,region_4,9.8,11.646342,-1.8463422775268548,18.8402273217026
2017-06-24,region_4,9.5,12.279279,-2.7792787551879883,29.255565844084085
2017-07-01,region_4,9.8,12.041472,-2.241472434997558,22.87216770405671
2017-07-08,region_4,6.7,12.32136,-5.621359634399414,83.90089006566289
2017-07-15,region_4,10.1,13.836719,-3.736718559265137,36.99721345807067
2017-07-22,region_4,10.1,13.201397,-3.1013969421386722,30.706900417214577
2017-07-29,region_4,9.3,12.759415,-3.459414672851562,37.19800723496303
2017-08-05,region_4,9.4,13.18551,-3.78550968170166,40.27137959257085
2017-08-12,region_4,9.7,13.369384,-3.6693838119506843,37.828699092275095
2017-08-19,region_4,10.0,13.290663,-3.2906627655029297,32.9066276550293
2017-08-26,region_4,9.3,13.479167,-4.179166984558105,44.93727940385058
2017-09-02,region_4,9.0,13.511957,-4.511957168579102,50.132857428656685
2017-09-09,region_4,8.1,12.967624,-4.867623710632325,60.09411988434968
2017-09-16,region_4,8.2,12.634472,-4.434471893310548,54.078925528177415
2017-09-23,region_4,9.9,13.301667,-3.401667213439941,34.36027488323173
2017-09-30,region_4,9.4,15.34398,-5.9439798355102536,63.23382803734312
2017-10-07,region_4,10.4,15.3859,-4.985899543762207,47.9413417669443
2017-10-14,region_4,9.5,13.098104,-3.5981035232543945,37.874773928993626
2017-10-21,region_4,10.0,13.508567,-3.5085668563842773,35.08566856384277
2017-10-28,region_4,10.6,15.752826,-5.152825736999512,48.61156355659917
2017-11-04,region_4,10.6,17.236206,-6.6362060546875,62.60571749705189
2017-11-11,region_4,10.3,16.87197,-6.57196922302246,63.80552643711126
2017-11-18,region_4,9.8,16.847391,-7.047391128540038,71.91215437285753
2017-11-25,region_4,7.0,15.531518,-8.53151798248291,121.87882832118444
2017-12-02,region_4,10.7,15.196554,-4.496554183959962,42.02387087813049
2017-12-09,region_4,10.8,15.105522,-4.305522155761718,39.865945886682574
2017-12-16,region_4,10.3,15.23658,-4.9365798950195305,47.92796014582068
2017-12-23,region_4,9.9,12.803105,-2.9031053543090817,29.324296508172544
2017-12-30,region_4,7.2,10.616607,-3.4166067123413084,47.452871004740395
2018-01-06,region_4,8.9,14.345793,-5.445792770385742,61.188682813322934
2018-01-13,region_4,10.1,14.590641,-4.490641021728516,44.46179229434175
2018-01-20,region_4,9.5,15.260877,-5.760876655578613,60.640806900827506
2018-01-27,region_4,10.6,15.937702,-5.3377021789550785,50.35568093353848
2018-02-03,region_4,10.0,14.0874405,-4.087440490722656,40.87440490722656
2018-02-10,region_4,10.0,14.272074,-4.272073745727539,42.72073745727539
2018-02-17,region_4,9.7,13.63451,-3.934510040283204,40.56195917817737
2018-02-24,region_4,9.9,13.364342,-3.4643417358398434,34.993350867069125
2018-03-03,region_4,9.6,14.268239,-4.66823902130127,48.627489805221565
2018-03-10,region_4,10.0,13.331006,-3.3310060501098633,33.31006050109863
2018-03-17,region_4,9.4,14.362379,-4.962379074096679,52.79126674570935
2018-03-24,region_4,8.8,13.73877,-4.938769531249999,56.1223810369318
2018-03-31,region_4,8.2,13.396416,-5.1964157104492195,63.370923298161216
2018-04-07,region_4,9.2,13.423401,-4.223400878906251,45.90653129245925
2018-04-14,region_4,9.0,13.484862,-4.484862327575684,49.83180363972981
2018-04-21,region_4,8.8,14.426634,-5.6266338348388665,63.939020850441665
2018-04-28,region_4,9.0,13.463062,-4.463062286376953,49.58958095974392
2018-05-05,region_4,8.9,13.816449,-4.916449165344238,55.24100185780042
2018-05-12,region_4,9.1,14.960186,-5.860186004638672,64.39764840262278
2018-05-19,region_4,9.1,14.128818,-5.028817558288575,55.26173140976456
2018-05-26,region_4,9.2,13.338482,-4.138481903076173,44.98349894648014
2018-06-02,region_4,8.6,12.331531,-3.731530570983887,43.38989036027776
2018-06-09,region_4,9.1,12.371155,-3.2711547851562504,35.94675588083792
2018-06-16,region_4,9.5,13.503973,-4.003973007202148,42.147084286338405
2018-06-23,region_4,9.0,13.368676,-4.36867618560791,48.54084650675456
2018-06-30,region_4,9.7,11.748238,-2.048237609863282,21.115851648075072
2018-07-07,region_4,6.6,11.598677,-4.998676681518555,75.73752547755387
2018-07-14,region_4,10.4,12.193112,-1.7931123733520504,17.2414651283851
2018-07-21,region_4,8.5,12.267159,-3.7671594619750977,44.31952308205997
2018-07-28,region_4,10.0,12.345292,-2.345292091369629,23.45292091369629
2018-08-04,region_4,8.2,13.462105,-5.262104797363282,64.17200972394247
2018-08-11,region_4,9.5,12.539032,-3.039031982421875,31.989810341282894
2018-08-18,region_4,9.3,12.574782,-3.2747823715209954,35.21271367226876
2018-08-25,region_4,9.6,13.147367,-3.547366523742676,36.95173462231954
2018-09-01,region_4,10.3,13.187015,-2.8870145797729485,28.029267764785903
2018-09-08,region_4,7.4,12.876133,-5.47613296508789,74.00179682551202
2018-09-15,region_4,9.7,13.973422,-4.273422050476075,44.055897427588405
2018-09-22,region_4,9.4,14.226167,-4.826166725158691,51.342199203815866
2018-09-29,region_4,9.4,14.610394,-5.2103935241699215,55.4297183422332
2018-10-06,region_4,9.5,13.273639,-3.7736387252807617,39.72251289769223
2018-10-13,region_4,8.4,14.988676,-6.588676071166992,78.43661989484514
2018-10-20,region_4,10.0,16.427862,-6.427862167358398,64.27862167358398
2018-10-27,region_4,9.4,14.942076,-5.542075729370117,58.95825244010763
2018-11-03,region_4,9.5,15.752628,-6.252628326416016,65.81714027806332
2018-11-10,region_4,9.2,16.855778,-7.655777740478516,83.21497543998389
2018-11-17,region_4,9.5,16.267124,-6.767124176025391,71.23288606342516
2018-11-24,region_4,6.5,16.7519,-10.251899719238281,157.72153414212738
2018-12-01,region_4,9.5,17.236755,-7.73675537109375,81.43953022203947
2018-12-08,region_4,10.1,16.729588,-6.629587554931641,65.63948074189744
2018-12-15,region_4,9.4,15.81614,-6.416140174865722,68.25681037091194
2018-12-22,region_4,9.2,14.137738,-4.937738227844239,53.67106769395913
2018-12-29,region_4,7.0,12.566087,-5.566086769104004,79.51552527291435
2019-01-05,region_4,7.0,14.068146,-7.068145751953125,100.9735107421875
2019-01-12,region_4,11.1,13.814289,-2.7142890930175785,24.453054892050258
2019-01-19,region_4,8.8,15.8584585,-7.058458518981933,80.20975589752196
2019-01-26,region_4,8.1,13.696056,-5.596056365966797,69.08711562921972
2019-02-02,region_4,9.1,12.922918,-3.822918319702149,42.01009142529834
2019-02-09,region_4,11.2,13.367873,-2.167873191833497,19.356010641370506
2019-02-16,region_4,10.2,12.970345,-2.770344543457032,27.16024062212777
2019-02-23,region_4,9.6,12.775642,-3.1756423950195316,33.07960828145345
2019-03-02,region_4,10.6,12.500471,-1.900471115112305,17.92897278407835
2019-03-09,region_4,10.2,12.706011,-2.506010818481446,24.568733514523984
2019-03-16,region_4,10.6,13.497403,-2.897403144836426,27.333991932419117
2019-03-23,region_4,10.5,13.731991,-3.2319908142089844,30.780864897228422
2019-03-30,region_4,9.2,13.378485,-4.178484725952149,45.41831223861032
2019-04-06,region_4,9.9,13.212787,-3.3127866744995114,33.462491661611224
2019-04-13,region_4,10.0,13.218914,-3.218914031982422,32.18914031982422
2019-04-20,region_4,9.8,13.544075,-3.7440750122070305,38.20484706333704
2019-04-27,region_4,10.4,13.713818,-3.3138175964355465,31.863630734957177
2019-05-04,region_4,11.3,12.695847,-1.3958465576171868,12.352624403691918
2019-05-11,region_4,9.5,12.6520815,-3.1520814895629883,33.17980515329461
2019-05-18,region_4,10.8,13.613626,-2.813625526428222,26.05208820766872
2019-05-25,region_4,10.7,14.585881,-3.8858812332153327,36.31664703939563
2019-06-01,region_4,9.4,13.000974,-3.6009737014770504,38.30823086677713
2019-06-08,region_4,11.1,13.011463,-1.9114631652832035,17.220388876425258
2019-06-15,region_4,11.0,13.029058,-2.0290584564208984,18.445985967462715
2019-06-22,region_4,11.5,12.1078,-0.6077995300292969,5.285213304602582
2019-06-29,region_4,11.0,12.340189,-1.340188980102539,12.183536182750355
2019-07-06,region_4,9.2,11.555904,-2.355904388427735,25.607656395953644
2019-07-13,region_4,11.0,13.040708,-2.040707588195801,18.55188716541637
2019-07-20,region_4,11.2,12.971047,-1.7710474014282234,15.81292322703771
2019-07-27,region_4,10.5,13.237424,-2.737423896789551,26.0707037789481
2019-08-03,region_4,10.6,13.661853,-3.061852836608887,28.88540411895177
2019-08-10,region_4,11.1,12.861652,-1.7616523742675785,15.870742110518727
2019-08-17,region_4,11.2,12.480921,-1.2809207916259773,11.436792782374798
2019-08-24,region_4,10.2,12.208505,-2.0085046768188484,19.691222321753415
2019-08-31,region_4,10.9,12.02937,-1.129370307922363,10.361195485526265
2019-09-07,region_4,9.9,12.439069,-2.539068794250488,25.647159537883716
2019-09-14,region_4,11.4,13.168294,-1.7682939529418942,15.511350464402579
2019-09-21,region_4,11.5,14.50647,-3.0064697265625,26.143215013586957
2019-09-28,region_4,11.2,13.979528,-2.779528427124024,24.817218099321643
2019-10-05,region_4,12.5,15.337378,-2.8373775482177734,22.699020385742188
2019-10-12,region_4,11.9,15.901187,-4.001186943054199,33.62341968953108
2019-10-19,region_4,12.6,15.67731,-3.0773099899291996,24.423095158168252
2019-10-26,region_4,11.9,17.90935,-6.00934944152832,50.498734802758996
2019-11-02,region_4,12.2,17.584898,-5.384897994995118,44.13850815569769
2019-11-09,region_4,13.4,17.677696,-4.277696228027343,31.92310617930853
2019-11-16,region_4,12.7,19.451445,-6.751444625854493,53.16098130594089
2019-11-23,region_4,12.5,18.219109,-5.719108581542969,45.75286865234375
2019-11-30,region_4,8.0,17.185953,-9.185953140258789,114.82441425323486
2019-12-07,region_4,13.3,17.398039,-4.0980388641357415,30.812322286734894
2019-12-14,region_4,12.8,16.149256,-3.349255752563476,26.166060566902154
2019-12-21,region_4,11.1,12.926667,-1.8266672134399418,16.456461382341818
2019-12-28,region_4,7.3,11.644694,-4.344694328308106,59.516360661754874
2020-01-04,region_4,10.1,12.8853655,-2.78536548614502,27.577876100445742
2020-01-11,region_4,12.4,12.890361,-0.4903608322143551,3.9545228404383472
2020-01-18,region_4,12.5,13.622796,-1.1227960586547852,8.982368469238281
2020-01-25,region_4,11.9,12.825495,-0.9254947662353512,7.777266943154211
2020-02-01,region_4,11.9,14.142905,-2.242905235290527,18.847943153701905
2020-02-08,region_4,11.2,13.488834,-2.2888343811035163,20.436021259852826
2020-02-15,region_4,12.3,12.782433,-0.48243255615234304,3.922215903677585
2020-02-22,region_4,10.8,12.9733,-2.1732999801635735,20.123147964477532
2020-02-29,region_4,11.5,12.707199,-1.2071990966796875,10.497383449388586
2020-03-07,region_4,11.4,12.333032,-0.9330316543579098,8.184488196122015
2020-03-14,region_4,11.9,13.2127695,-1.312769508361816,11.031676540855596
2020-03-21,region_4,11.7,13.210773,-1.5107734680175788,12.912593743739992
2020-03-28,region_4,13.4,14.410398,-1.0103975296020504,7.540280071657092
2020-04-04,region_4,12.8,13.811821,-1.011820983886718,7.904851436614985
2020-04-11,region_4,11.1,14.354022,-3.254022026062012,29.315513748306415
2020-04-18,region_4,11.9,13.964559,-2.064558601379394,17.349231944364657
2020-04-25,region_4,13.6,13.796263,-0.19626274108886754,1.4431083903593203
2020-05-02,region_4,12.4,13.990962,-1.5909620285034176,12.83033893954369
2020-05-09,region_4,12.0,14.056245,-2.0562448501586914,17.135373751322426
2020-05-16,region_4,12.4,14.132959,-1.7329593658447262,13.975478756812306
2020-05-23,region_4,12.4,14.663629,-2.263628578186035,18.255069178919637
2020-05-30,region_4,11.5,13.56292,-2.0629196166992188,17.938431449558422
2020-06-06,region_4,12.1,13.869969,-1.7699693679809574,14.62784601637155
2020-06-13,region_4,12.6,12.66575,-0.06574954986572301,0.521821824331135
2020-06-20,region_4,12.3,12.482357,-0.18235702514648366,1.4825774402153142
2020-06-27,region_4,11.9,11.587808,0.3121923446655277,2.6234650812229217
2020-07-04,region_4,9.8,12.133024,-2.3330242156982415,23.806369547941237
2020-07-11,region_4,11.5,13.467618,-1.9676179885864258,17.109721639881965
2020-07-18,region_4,11.4,13.500258,-2.1002584457397457,18.423319699471453
2020-07-25,region_4,10.5,12.808808,-2.3088083267211914,21.988650730678014
2020-08-01,region_4,10.7,13.291549,-2.591548728942872,24.220081578905344
2020-08-08,region_4,10.7,13.086234,-2.386234092712403,22.301253202919657
2020-08-15,region_4,11.4,12.799337,-1.3993373870849606,12.27488936039439
2020-08-22,region_4,12.2,13.484907,-1.2849071502685554,10.532025821873406
2020-08-29,region_4,11.1,12.504084,-1.404083633422852,12.649402102908578
2020-09-05,region_4,11.4,12.501625,-1.101625061035156,9.66337772837856
2020-09-12,region_4,10.0,12.819626,-2.8196258544921875,28.196258544921875
2020-09-19,region_4,12.1,12.483494,-0.383493804931641,3.1693702886912476
2020-09-26,region_4,11.9,13.881337,-1.9813371658325192,16.649892149853102
2020-10-03,region_4,12.1,13.886183,-1.78618278503418,14.761841198629588
2020-10-10,region_4,11.4,12.939351,-1.5393510818481442,13.503079665334598
2020-10-17,region_4,12.5,15.312957,-2.8129568099975586,22.50365447998047
2020-10-24,region_4,12.4,13.430046,-1.0300460815429684,8.306823238249745
2020-10-31,region_4,11.6,14.82031,-3.220309638977051,27.761289991181474
2020-11-07,region_4,12.8,15.53765,-2.7376501083374016,21.38789147138595
2020-11-14,region_4,13.0,14.477843,-1.4778432846069336,11.36802526620718
2020-11-21,region_4,13.0,13.675744,-0.6757440567016602,5.1980312053973865
2020-11-28,region_4,8.9,13.15508,-4.255079841613769,47.809885860828864
2020-12-05,region_4,13.3,14.507682,-1.2076818466186516,9.080314636230463
2020-12-12,region_4,13.5,15.051746,-1.5517463684082031,11.494417543764468
2020-12-19,region_4,13.0,14.151334,-1.1513338088989258,8.85641391460712
2020-12-26,region_4,7.7,11.965244,-4.2652442932128904,55.39278302873883
2021-01-02,region_4,8.8,13.448062,-4.6480619430541985,52.818885716524974
2021-01-09,region_4,13.7,14.962378,-1.2623775482177741,9.2144346585239
2021-01-16,region_4,13.3,15.346566,-2.046566200256347,15.387715791401105
2021-01-23,region_4,13.1,16.487524,-3.387524032592774,25.85896208086087
2021-01-30,region_4,13.0,13.048771,-0.048770904541015625,0.37516080416165865
2021-02-06,region_4,11.9,12.612136,-0.7121358871459957,5.984335186100805
2021-02-13,region_4,12.6,13.029035,-0.42903461456298864,3.405036623515783
2021-02-20,region_4,10.9,12.414707,-1.5147071838378903,13.896396181998993
2021-02-27,region_4,13.3,12.536034,0.763966369628907,5.744108042322608
2021-03-06,region_4,13.7,13.617145,0.08285541534423757,0.6047840536075736
2021-03-13,region_4,14.3,14.627394,-0.327393722534179,2.2894665911481047
2021-03-20,region_4,12.0,13.779903,-1.7799034118652344,14.832528432210287
2021-03-27,region_4,12.9,13.215055,-0.31505546569824183,2.4422904317693166
2021-04-03,region_4,10.7,14.804276,-4.10427646636963,38.3577239847629
2021-04-10,region_4,12.1,15.231229,-3.131228828430176,25.87792420190228
2021-04-17,region_4,13.0,14.799036,-1.7990360260009766,13.838738661545975
2021-04-24,region_4,13.1,14.461606,-1.3616060256958011,10.393939127448865
2021-05-01,region_4,11.9,13.797442,-1.8974424362182614,15.944894422002195
2021-05-08,region_4,12.4,14.128136,-1.7281356811523434,13.936578073809219
2021-05-15,region_4,12.6,13.732721,-1.132721328735352,8.989851815359936
2021-05-22,region_4,12.9,13.746828,-0.8468280792236325,6.5645587536715695
2021-05-29,region_4,12.9,14.151238,-1.2512384414672848,9.699522802071975
2021-06-05,region_4,11.1,13.740602,-2.6406015396118168,23.789203059565917
2021-06-12,region_4,13.5,12.37305,1.1269502639770508,8.347779733163339
2021-06-19,region_4,13.5,13.183769,0.31623077392578125,2.342450177228009
2021-06-26,region_4,13.6,13.287727,0.3122726440429684,2.296122382668885
2021-07-03,region_4,12.7,11.884181,0.8158189773559563,6.4237714752437505
2021-07-10,region_4,11.6,12.719158,-1.1191581726074222,9.647915281098468
2021-07-17,region_4,12.5,13.830425,-1.3304252624511719,10.643402099609375
2021-07-24,region_4,13.1,13.709408,-0.6094078063964847,4.651967987759425
2021-07-31,region_4,13.7,13.659826,0.04017372131347585,0.2932388417042033
2021-08-07,region_4,12.7,13.871338,-1.1713378906250007,9.223132997047252
2021-08-14,region_4,14.5,14.279211,0.22078895568847656,1.5226824530239764
2021-08-21,region_4,13.2,13.897009,-0.6970088958740241,5.280370423288062
2021-08-28,region_4,14.1,12.784359,1.3156410217285153,9.330787388145499
2021-09-04,region_4,14.0,13.683272,0.3167276382446289,2.2623402731759206
2021-09-11,region_4,12.3,13.548789,-1.2487890243530266,10.152756295553061
2021-09-18,region_4,13.6,14.025625,-0.4256252288818363,3.1295972711899727
2021-09-25,region_4,14.9,12.739604,2.160396003723145,14.49930203841037
2021-10-02,region_4,14.1,14.124193,-0.024193191528320668,0.17158291864057212
2021-10-09,region_4,15.1,11.766655,3.333345031738281,22.075132660518417
2021-10-16,region_4,14.7,12.358763,2.341237258911132,15.92678407422539
2021-10-23,region_4,15.7,12.735752,2.9642478942871087,18.88055983622362
2021-10-30,region_4,15.1,14.448062,0.6519380569458004,4.317470575800003
2021-11-06,region_4,15.6,15.586929,0.013070678710937145,0.08378640199318682
2021-11-13,region_4,15.0,14.567686,0.4323139190673828,2.8820927937825522
2021-11-20,region_4,15.9,14.8489485,1.0510515213012699,6.6103869264230815
2021-11-27,region_4,9.9,14.882586,-4.982585525512695,50.32914672235045
2021-12-04,region_4,15.6,14.938595,0.6614051818847653,4.239776806953623
2021-12-11,region_4,15.1,14.577972,0.5220275878906246,3.4571363436465212
2021-12-18,region_4,14.0,14.639819,-0.6398191452026367,4.570136751447405
2021-12-25,region_4,10.2,12.454325,-2.2543247222900398,22.101222767549412
2022-01-01,region_4,11.2,12.061224,-0.8612239837646491,7.689499855041511
2022-01-08,region_4,14.1,12.601534,1.4984661102294918,10.627419221485757
2022-01-15,region_4,14.4,13.7440195,0.655980491638184,4.555420080820722
2022-01-22,region_4,12.5,13.41119,-0.9111900329589844,7.289520263671875
2022-01-29,region_4,15.4,13.517907,1.8820928573608402,12.221382190654806
2022-02-05,region_4,14.3,12.754809,1.545190620422364,10.805528814142406
2022-02-12,region_4,15.1,13.301195,1.7988048553466793,11.912614936070725
2022-02-19,region_4,15.4,12.976734,2.4232658386230472,15.735492458591215
2022-02-26,region_4,14.4,14.076305,0.3236946105957035,2.247879240247941
2022-03-05,region_4,14.3,14.274303,0.025696563720703836,0.1796962497951317
2022-03-12,region_4,14.4,13.549341,0.8506587982177738,5.907352765401207
2022-03-19,region_4,14.0,13.658566,0.3414335250854492,2.4388108934674944
2022-03-26,region_4,14.3,13.736441,0.5635593414306648,3.9409744155990545
2022-04-02,region_4,15.0,14.507491,0.4925088882446289,3.2833925882975263
2022-04-09,region_4,14.4,14.24732,0.15267982482910192,1.060276561313208
2022-04-16,region_4,12.5,13.8782015,-1.3782014846801758,11.025611877441406
2022-04-23,region_4,14.2,14.065759,0.13424129486083913,0.9453612314143602
2022-04-30,region_4,14.4,13.549369,0.850631141662598,5.907160705990264
2022-05-07,region_4,15.0,14.419431,0.5805692672729492,3.870461781819661
2022-05-14,region_4,14.2,13.554194,0.6458055496215813,4.547926405785784
2022-05-21,region_4,14.9,14.624044,0.2759555816650394,1.8520508836579828
2022-05-28,region_4,15.6,13.342051,2.2579494476318356,14.474034920716894
2022-06-04,region_4,12.1,13.728397,-1.628397369384766,13.457829499047651
2022-06-11,region_4,14.0,13.975984,0.024016380310058594,0.17154557364327566
2022-06-18,region_4,14.5,13.448878,1.051121711730957,7.249115253316946
2022-06-25,region_4,14.5,15.070346,-0.5703458786010742,3.9334198524212014
2022-07-02,region_4,15.1,13.803035,1.2969652175903317,8.589173626426037
2022-07-09,region_4,12.4,13.046796,-0.6467958450317379,5.2160955244495
2022-07-16,region_4,15.5,14.205108,1.2948923110961914,8.354143942556073
2022-07-23,region_4,14.7,13.537391,1.1626092910766594,7.908906742018091
2022-07-30,region_4,14.0,13.770586,0.2294139862060547,1.6386713300432478
2022-08-06,region_4,13.4,14.010411,-0.6104112625122067,4.555307929195572
2022-08-13,region_4,13.2,13.26708,-0.06708030700683665,0.5081841439911867
2022-08-20,region_4,14.0,13.018591,0.9814090728759766,7.010064806256976
2022-08-27,region_4,14.5,12.279669,2.2203311920166016,15.312628910459322
2022-09-03,region_4,14.4,12.977646,1.4223541259765629,9.877459208170574
2022-09-10,region_4,13.0,12.690716,0.3092842102050781,2.3791093092698317
2022-09-17,region_4,14.8,12.65825,2.141750144958497,14.471284763233086
2022-09-24,region_4,14.5,14.03483,0.46516990661621094,3.20806832149111
2022-10-01,region_4,13.0,16.035099,-3.0350990295410156,23.346915611853966
2022-10-08,region_4,14.9,16.242205,-1.342204666137695,9.008085007635538
2022-10-15,region_4,14.8,18.024193,-3.224192810058593,21.78508655444995
2022-10-22,region_4,14.6,17.543379,-2.943378829956055,20.160128972301745
2022-10-29,region_4,14.4,17.18636,-2.7863594055175778,19.349718093872067
2022-11-05,region_4,14.3,17.389841,-3.0898410797119134,21.607280277705687
2022-11-12,region_4,14.0,16.268782,-2.2687816619873047,16.205583299909318
2022-11-19,region_4,14.9,17.123652,-2.223651504516601,14.923835600782558
2022-11-26,region_4,10.9,15.931092,-5.031092262268066,46.156809745578585
2022-12-03,region_4,14.7,17.147257,-2.4472568511962898,16.648005790450952
2022-12-10,region_4,14.7,15.560536,-0.8605363845825202,5.853989010765444
2022-12-17,region_4,13.7,15.399723,-1.6997230529785163,12.406737612981871
2022-12-24,region_4,12.2,12.419294,-0.2192943572998054,1.7974947319656183
2022-12-31,region_4,10.3,10.90054,-0.6005403518676751,5.830488853084224
2023-01-07,region_4,12.3,13.269947,-0.9699470520019524,7.885748390259775
2023-01-14,region_4,15.6,14.874951,0.7250486373901364,4.647747675577797
2023-01-21,region_4,14.1,14.125263,-0.02526321411132848,0.1791717312860176
2023-01-28,region_4,13.3,13.175403,0.12459735870361399,0.9368222458918345
2023-02-04,region_4,12.1,12.56337,-0.46336975097656286,3.82950207418647
2023-02-11,region_4,13.2,13.051165,0.14883537292480398,1.1275407039757877
2023-02-18,region_4,13.8,12.662121,1.1378791809082038,8.245501310929013
2023-02-25,region_4,12.9,12.605853,0.29414691925048864,2.280208676360377
2023-03-04,region_4,13.0,12.687408,0.312591552734375,2.4045504056490383
2023-03-11,region_4,13.3,12.997518,0.3024824142456062,2.274303866508317
2023-03-18,region_4,13.6,13.369045,0.23095474243164027,1.6981966355267668
2023-03-25,region_4,13.8,14.964595,-1.1645948410034173,8.439093050749399
2023-04-01,region_4,13.5,14.894345,-1.3943452835083008,10.328483581542969
2023-04-08,region_4,13.2,14.550343,-1.3503425598144538,10.229867877382226
2023-04-15,region_4,13.3,14.654391,-1.3543912887573235,10.183393148551303
2023-04-22,region_4,15.1,14.664811,0.43518886566162074,2.882045467957753
2023-04-29,region_4,14.1,14.900053,-0.8000530242919925,5.674134924056685
2023-05-06,region_4,13.6,14.332253,-0.732253456115723,5.384216589086199
2023-05-13,region_4,14.6,14.500938,0.0990615844726559,0.6785040032373691
2023-05-20,region_4,13.8,13.1866045,0.6133955001831062,4.4448949288630875
2023-05-27,region_4,14.4,12.836684,1.5633157730102543,10.856359534793432
2023-06-03,region_4,12.2,12.29942,-0.09942035675048899,0.8149209569712212
2023-06-10,region_4,14.5,13.502481,0.9975185394287109,6.879438202956627
2023-06-17,region_4,14.7,13.39999,1.30000991821289,8.843604885801973
2023-06-24,region_4,15.2,12.447069,2.752930831909179,18.111387052034072
2023-07-01,region_4,14.9,12.971336,1.9286636352539066,12.944051243314808
2023-07-08,region_4,10.3,11.945881,-1.6458808898925774,15.979426115461914
2023-07-15,region_4,14.3,13.712763,0.5872371673583991,4.106553617890903
2023-07-22,region_4,13.2,13.565329,-0.36532859802246165,2.767640894109558
2023-07-29,region_4,12.5,12.606815,-0.10681533813476562,0.854522705078125
2023-08-05,region_4,13.6,13.5846,0.015399551391601207,0.11323199552647947
2023-08-12,region_4,13.1,13.182747,-0.0827468872070316,0.6316556275345924
2023-08-19,region_4,15.0,13.181438,1.8185615539550781,12.123743693033855
2023-08-26,region_4,14.9,14.930223,-0.030223464965819957,0.20284204675046952
2023-09-02,region_4,14.5,13.947565,0.5524349212646484,3.809896008721713
2023-09-09,region_4,13.0,13.810945,-0.8109445571899414,6.2380350553072414
2023-09-16,region_4,14.8,14.572223,0.227777290344239,1.5390357455691823
2023-09-23,region_4,14.3,14.137751,0.16224937438964915,1.1346110097178261
2023-09-30,region_4,15.1,15.0705595,0.029440498352050426,0.19497018776192337
2023-10-07,region_4,15.0,15.965394,-0.9653940200805664,6.435960133870442
2023-10-14,region_4,14.3,17.679995,-3.379994583129882,23.63632575615302
2023-10-21,region_4,14.2,17.398504,-3.198504257202149,22.52467786762077
2023-10-28,region_4,14.5,18.808844,-4.308843612670898,29.716162846006196
2023-11-04,region_4,14.1,18.020708,-3.9207080841064457,27.80644031281167
2023-11-11,region_4,14.4,18.385412,-3.985412216186523,27.67647372351752
2023-11-18,region_4,15.3,18.190983,-2.890982818603515,18.895312539892252
2023-11-25,region_4,10.3,15.980105,-5.6801054000854485,55.14665436976163
2023-12-02,region_4,14.3,16.091364,-1.7913639068603509,12.52702032769476
2023-12-09,region_4,15.3,15.220479,0.07952098846435618,0.5197450226428508
2023-12-16,region_4,14.3,14.969792,-0.6697923660278313,4.683862699495324
2023-12-23,region_4,13.7,14.913085,-1.2130849838256843,8.854634918435652
2023-12-30,region_4,8.1,11.424297,-3.3242973327636722,41.04070781189719
2024-01-06,region_4,9.8,13.886186,-4.086185646057128,41.69577189854212
2024-01-13,region_4,14.1,14.191274,-0.09127368927001989,0.6473311295746091
2024-01-20,region_4,12.3,13.235182,-0.935181808471679,7.603104133916089
2024-01-27,region_4,13.3,12.57921,0.7207897186279304,5.419471568631056
2024-02-03,region_4,13.4,14.497995,-1.0979953765869137,8.193995347663535
2024-02-10,region_4,16.2,14.874916,1.325083923339843,8.179530390986686
2024-02-17,region_4,14.0,13.261502,0.7384977340698242,5.274983814784458
2024-02-24,region_4,14.2,13.044902,1.1550981521606438,8.134494029300308
2024-03-02,region_4,14.0,13.290755,0.7092447280883789,5.066033772059849
2024-03-09,region_4,13.6,12.433419,1.166580772399902,8.577799797058102
2024-03-16,region_4,12.5,12.817848,-0.31784820556640625,2.54278564453125
2024-03-23,region_4,13.5,13.069062,0.4309377670288086,3.1921316076208046
2024-03-30,region_4,12.8,13.300628,-0.5006277084350579,3.91115397214889
2024-04-06,region_4,12.4,13.463128,-1.0631280899047848,8.573613628264393
2024-04-13,region_4,12.6,13.882111,-1.2821105957031254,10.175480918278772
2024-04-20,region_4,11.8,14.072356,-2.272356224060058,19.257256136102185
2024-04-27,region_4,11.3,13.806671,-2.5066711425781243,22.182930465293136
2024-05-04,region_4,11.4,13.687926,-2.2879262924194332,20.06952888087222
2024-05-11,region_4,12.0,13.379522,-1.3795223236083984,11.49601936340332
2024-05-18,region_4,11.1,12.959567,-1.8595670700073246,16.752856486552474
2024-05-25,region_4,12.1,11.814873,0.2851272583007809,2.3564236223205035
2024-06-01,region_4,10.1,12.705613,-2.6056131362915043,25.798149864272318
2024-06-08,region_4,12.7,13.4723625,-0.7723625183105476,6.081594632366516
2024-06-15,region_4,13.1,12.785006,0.31499443054199183,2.4045376377251286
2024-06-22,region_4,12.5,13.522783,-1.0227832794189453,8.182266235351562
2024-06-29,region_4,14.1,12.337902,1.7620979309082028,12.497148446157466
2024-07-06,region_4,8.4,12.605821,-4.2058206558227536,50.06929352169944
2024-07-13,region_4,12.5,14.278898,-1.7788982391357422,14.231185913085936
2024-07-20,region_4,13.4,14.5197315,-1.119731521606445,8.356205385122724
2024-07-27,region_4,11.4,13.597673,-2.197673416137695,19.277836983663992
2024-08-03,region_4,10.9,12.828844,-1.92884407043457,17.695817159950185
2024-08-10,region_4,11.1,13.241243,-2.141243362426758,19.29048074258341
2024-08-17,region_4,12.5,12.568923,-0.0689229965209961,0.5513839721679688
2024-08-24,region_4,13.3,13.694281,-0.3942806243896477,2.964515972854494
2024-08-31,region_4,14.4,14.531126,-0.13112602233886683,0.9105973773532419
2024-09-07,region_4,10.9,13.1408615,-2.2408615112304684,20.55836248835292
2024-09-14,region_4,12.6,12.568413,0.031587219238280895,0.25069221617683246
2024-09-21,region_4,12.7,13.801088,-1.1010883331298835,8.669986875038454
2024-09-28,region_4,10.9,13.390046,-2.490046119689941,22.844459813669182
2024-10-05,region_4,9.8,12.836282,-3.036281776428222,30.98246710641043
2024-10-12,region_4,10.5,13.781728,-3.2817277908325195,31.254550388881135
2024-10-19,region_4,11.9,18.331598,-6.431598281860351,54.047044385381106
2024-10-26,region_4,11.7,17.327581,-5.627581405639649,48.098986372988456
2024-11-02,region_4,11.8,17.774246,-5.974246215820312,50.629205218816196
2024-11-09,region_4,12.0,16.1916,-4.191600799560547,34.93000666300456
2024-11-16,region_4,12.0,16.365793,-4.365793228149414,36.381610234578446
2024-11-23,region_4,11.0,13.375823,-2.3758230209350586,21.59839109940962
2024-11-30,region_4,7.5,13.092759,-5.592759132385254,74.57012176513672
2024-12-07,region_4,9.5,14.437872,-4.937871932983398,51.9775992945621
2024-12-14,region_4,10.1,15.772687,-5.672686958312989,56.16521740903949
2024-12-21,region_4,10.9,13.994665,-3.094665145874023,28.391423356642413
2024-12-28,region_4,5.7,12.008537,-6.308537292480469,110.67609285053453
2025-01-04,region_4,6.300000000000001,13.382563,-7.082562637329101,112.42162916395398
2025-01-11,region_4,10.5,13.1364565,-2.6364564895629883,25.109109424409414
2025-01-18,region_4,10.5,13.752581,-3.2525806427001953,30.97695850190662
2025-01-25,region_4,9.7,14.226373,-4.526372718811036,46.663636276402435
2025-02-01,region_4,11.0,14.182436,-3.182435989379883,28.931236267089844
2025-02-08,region_4,10.8,14.905426,-4.105426025390624,38.01320393880208
2025-02-15,region_4,10.5,13.900963,-3.4009628295898438,32.39012218656994
2025-02-22,region_4,9.2,12.91983,-3.7198303222656257,40.432938285495936
2025-03-01,region_4,10.2,13.62714,-3.4271400451660163,33.599412207509964
2025-03-08,region_4,10.7,14.96378,-4.263780403137208,39.84841498259073
2025-03-15,region_4,11.6,14.554528,-2.9545282363891605,25.470071003354832
2025-03-22,region_4,11.0,13.600631,-2.600630760192871,23.64209781993519
2025-03-29,region_4,10.6,13.434606,-2.8346055984497074,26.74156224952554
2025-04-05,region_4,9.5,14.782299,-5.282299041748047,55.60314780787417
2025-04-12,region_4,9.4,14.5079975,-5.1079975128173825,54.340399072525344
2025-04-19,region_4,9.1,14.369813,-5.269812965393067,57.910032586737
2025-04-26,region_4,9.3,15.001114,-5.701113891601562,61.30229990969421
2025-05-03,region_4,9.4,13.795176,-4.395175552368164,46.757186727320885
2025-05-10,region_4,9.2,13.383989,-4.183989334106446,45.47814493593963
2025-05-17,region_4,9.2,13.313173,-4.1131732940673835,44.70840537029765
2025-05-24,region_4,10.3,12.955004,-2.6550037384033196,25.776735324304074
2025-05-31,region_4,8.8,13.225087,-4.425087165832519,50.28508142991498
2025-06-07,region_4,10.4,12.7996645,-2.399664497375488,23.07369709014892
2025-06-14,region_4,10.3,12.762653,-2.4626533508300774,23.90925583330172
2025-06-21,region_4,9.3,12.0773115,-2.7773115158081048,29.863564686108653
2025-06-28,region_4,9.2,12.002831,-2.802831459045411,30.46555933745012
2025-07-05,region_4,6.699999999999999,12.666037,-5.966036605834962,89.0453224751487
2025-07-12,region_4,8.2,13.524002,-5.324002075195313,64.92685457555261
2025-07-19,region_4,8.7,14.124009,-5.424009132385255,62.34493255615236
2025-07-26,region_4,9.7,12.494177,-2.794176864624024,28.80594705797963
2025-08-02,region_4,8.7,12.783675,-4.083675193786622,46.93879533088071
2025-08-09,region_4,8.9,12.61234,-3.7123399734497067,41.71168509494052
2025-08-16,region_4,9.0,12.138554,-3.1385536193847656,34.87281799316406
2025-08-23,region_4,8.8,12.267784,-3.467784118652343,39.40663771195844
2025-08-30,region_4,9.7,12.568732,-2.8687322616577156,29.57455939853315
2025-09-06,region_4,8.5,12.340752,-3.8407516479492188,45.185313505284924
2025-09-13,region_4,9.7,13.073174,-3.373174476623536,34.77499460436635
2025-09-20,region_4,9.5,14.471434,-4.971433639526367,52.330880416067025
2025-09-27,region_4,10.6,14.951168,-4.351168060302735,41.048755285874854
2025-10-04,region_4,11.1,14.867892,-3.7678922653198246,33.94497536324167
2025-10-11,region_4,10.3,14.532795,-4.232794952392577,41.095096625170655
2025-10-18,region_4,11.1,15.6479645,-4.547964477539063,40.97265295080237
2025-10-25,region_4,10.4,18.92994,-8.529939270019531,82.01864682711087
2025-11-01,region_4,10.2,18.668259,-8.468258666992188,83.02214379404107
2025-11-08,region_4,10.1,18.271215,-8.171215438842774,80.90312315685915
2025-11-15,region_4,11.1,19.214415,-8.114414596557618,73.10283420322178
2025-11-22,region_4,10.8,17.408682,-6.608681869506835,61.19149879172995
2025-11-29,region_4,7.800000000000001,17.627945,-9.827944946289062,125.99929418319309
2025-12-06,region_4,9.1,16.751154,-7.651153945922852,84.07861479036102
2025-12-13,region_4,10.1,17.1088,-7.008800888061524,69.39406819862896
2025-12-20,region_4,10.5,12.685718,-2.1857175827026367,20.816357930501304
2025-12-27,region_4,6.0,12.6697645,-6.669764518737793,111.16274197896321
2016-01-02,region_6,14.4,13.494878,0.9051221847534183,6.285570727454294
2016-01-09,region_6,21.0,12.837811,8.162188529968262,38.867564428420295
2016-01-16,region_6,21.9,14.404391,7.495608711242674,34.22652379562866
2016-01-23,region_6,20.6,15.967549,4.632450675964357,22.487624640603673
2016-01-30,region_6,19.3,16.282454,3.017546463012696,15.63495576690516
2016-02-06,region_6,19.6,17.80085,1.7991500854492202,9.179337170659286
2016-02-13,region_6,17.2,17.130808,0.06919212341308523,0.4022797872853793
2016-02-20,region_6,18.9,16.00213,2.897869491577147,15.332642812577499
2016-02-27,region_6,17.8,15.682286,2.1177137374877937,11.897268188133673
2016-03-05,region_6,17.0,16.381182,0.6188182830810547,3.6401075475356155
2016-03-12,region_6,17.4,15.315432,2.0845684051513658,11.980278190525091
2016-03-19,region_6,16.3,15.7935505,0.5064495086669929,3.1070522004109993
2016-03-26,region_6,17.0,16.953169,0.04683113098144531,0.27547724106732535
2016-04-02,region_6,17.1,16.01715,1.0828491210937514,6.332451000548253
2016-04-09,region_6,16.8,16.779861,0.02013854980468821,0.11987232026600125
2016-04-16,region_6,19.4,15.648586,3.751413726806639,19.33718415879711
2016-04-23,region_6,17.9,15.956851,1.9431489944457994,10.85558097455754
2016-04-30,region_6,19.3,16.565926,2.7340744018554695,14.1661886106501
2016-05-07,region_6,17.3,17.213583,0.08641700744628977,0.49952027425601025
2016-05-14,region_6,18.8,18.281271,0.5187290191650398,2.759196910452339
2016-05-21,region_6,16.7,15.35968,1.3403198242187493,8.025867210890715
2016-05-28,region_6,19.5,16.020548,3.479452133178711,17.843344272711338
2016-06-04,region_6,15.6,15.768647,-0.16864719390869176,1.0810717558249472
2016-06-11,region_6,17.3,15.844697,1.4553030014038093,8.412156077478667
2016-06-18,region_6,18.7,15.395153,3.3048469543457024,17.67297836548504
2016-06-25,region_6,16.6,13.502211,3.0977893829345717,18.661381824907057
2016-07-02,region_6,19.1,13.220499,5.879500961303712,30.78272754609273
2016-07-09,region_6,15.2,14.220918,0.9790822982788079,6.4413309097289995
2016-07-16,region_6,18.6,16.492804,2.107196426391603,11.329013045116145
2016-07-23,region_6,18.6,15.470098,3.1299024581909194,16.827432570918923
2016-07-30,region_6,15.9,16.63854,-0.7385402679443356,4.644907345561859
2016-08-06,region_6,17.1,17.414972,-0.31497230529785014,1.8419433058353807
2016-08-13,region_6,17.4,18.20629,-0.8062892913818374,4.6338465021944675
2016-08-20,region_6,18.7,15.836156,2.8638441085815423,15.314674377441403
2016-08-27,region_6,18.8,15.750587,3.0494125366210945,16.220279450112205
2016-09-03,region_6,19.6,17.267427,2.3325725555419936,11.900880385418334
2016-09-10,region_6,17.0,16.845114,0.15488624572753906,0.911095563103171
2016-09-17,region_6,19.6,16.925188,2.674811935424806,13.646999670534724
2016-09-24,region_6,19.7,16.442698,3.2573024749755852,16.534530329825305
2016-10-01,region_6,19.2,16.287289,2.912711334228515,15.170371532440182
2016-10-08,region_6,20.6,18.839561,1.7604385375976577,8.54581814367795
2016-10-15,region_6,20.7,18.463596,2.2364036560058587,10.80388239616357
2016-10-22,region_6,21.7,18.514034,3.185965728759765,14.681869717786936
2016-10-29,region_6,21.5,18.172882,3.327117919921875,15.47496706940407
2016-11-05,region_6,21.7,19.060972,2.639027786254882,12.161418369838167
2016-11-12,region_6,21.8,18.596802,3.2031982421875007,14.693569918291288
2016-11-19,region_6,20.8,20.011139,0.7888610839843757,3.792601365309498
2016-11-26,region_6,17.7,18.564058,-0.8640583038330085,4.881685332389879
2016-12-03,region_6,19.6,18.274834,1.3251663208007827,6.76105265714685
2016-12-10,region_6,21.2,19.0312,2.1687995910644524,10.230186750304021
2016-12-17,region_6,21.8,19.467377,2.3326232910156257,10.700106839521219
2016-12-24,region_6,18.1,14.681431,3.418569183349611,18.887122559942597
2016-12-31,region_6,18.3,14.13343,4.166570472717286,22.7681446596573
2017-01-07,region_6,21.1,14.911612,6.1883884429931655,29.328855180062398
2017-01-14,region_6,20.7,16.124712,4.575288009643554,22.10284062629736
2017-01-21,region_6,20.8,15.226301,5.573698806762696,26.796628878666805
2017-01-28,region_6,20.9,16.33398,4.566019439697264,21.846982965058682
2017-02-04,region_6,21.1,16.622398,4.477601623535158,21.220860775048138
2017-02-11,region_6,20.7,15.412907,5.287093353271484,25.541513783920212
2017-02-18,region_6,20.1,14.81473,5.285270309448244,26.294877161434044
2017-02-25,region_6,18.8,15.8576765,2.9423234939575202,15.650656882752767
2017-03-04,region_6,20.4,16.122393,4.277607345581053,20.968663458730656
2017-03-11,region_6,21.0,16.490772,4.509227752685547,21.472513108026416
2017-03-18,region_6,20.1,16.215628,3.8843723297119155,19.32523547120356
2017-03-25,region_6,19.8,16.15813,3.6418693542480476,18.39327956690933
2017-04-01,region_6,19.8,16.305695,3.4943054199218757,17.648007171322604
2017-04-08,region_6,19.5,16.32061,3.1793899536132812,16.304563864683495
2017-04-15,region_6,18.2,16.698452,1.50154800415039,8.250263759068076
2017-04-22,region_6,20.8,16.456287,4.343712615966798,20.883233730609604
2017-04-29,region_6,20.6,17.643421,2.9565788269042983,14.35232440244805
2017-05-06,region_6,21.2,19.28077,1.919230651855468,9.05297477290315
2017-05-13,region_6,20.1,20.54199,-0.44199028015136577,2.1989566176684865
2017-05-20,region_6,21.1,20.523905,0.5760951995849624,2.730309002772333
2017-05-27,region_6,19.3,19.123068,0.17693214416503977,0.9167468609587552
2017-06-03,region_6,18.2,18.194805,0.0051948547363274145,0.028543157891908873
2017-06-10,region_6,21.7,17.304031,4.395968627929687,20.257919944376436
2017-06-17,region_6,21.8,20.44406,1.3559406280517585,6.219911137852103
2017-06-24,region_6,20.1,19.177017,0.9229827880859389,4.591954169581785
2017-07-01,region_6,21.4,17.833054,3.566946411132811,16.667973883798183
2017-07-08,region_6,16.6,16.72148,-0.12147941589355327,0.7318037102021281
2017-07-15,region_6,21.4,17.620935,3.779064559936522,17.659180186619263
2017-07-22,region_6,20.8,17.40581,3.3941905975341804,16.318224026606636
2017-07-29,region_6,19.9,15.287075,4.612924957275389,23.18052742349442
2017-08-05,region_6,21.6,16.57633,5.023669815063478,23.257730625293878
2017-08-12,region_6,21.1,17.137327,3.9626728057861342,18.780439837848974
2017-08-19,region_6,21.2,16.726433,4.4735671997070305,21.101732074089767
2017-08-26,region_6,22.7,16.080866,6.619134140014648,29.159181233544707
2017-09-02,region_6,21.4,15.254428,6.145572090148924,28.717626589480954
2017-09-09,region_6,18.3,16.026962,2.273037719726563,12.420971146046792
2017-09-16,region_6,22.9,17.180645,5.719355010986327,24.975349392953394
2017-09-23,region_6,23.3,16.551937,6.748062896728516,28.96164333359878
2017-09-30,region_6,21.3,17.699203,3.600796508789063,16.905147928587148
2017-10-07,region_6,22.7,16.610716,6.089284133911132,26.825040237493976
2017-10-14,region_6,22.5,19.3401,3.159900665283203,14.044002956814236
2017-10-21,region_6,22.2,19.67911,2.5208904266357415,11.35536228214298
2017-10-28,region_6,22.0,20.75383,1.2461700439453125,5.664409290660511
2017-11-04,region_6,22.9,21.168226,1.731773757934569,7.562330820674974
2017-11-11,region_6,22.0,20.464046,1.5359535217285156,6.981606916947798
2017-11-18,region_6,22.1,18.94756,3.1524406433105483,14.264437300047728
2017-11-25,region_6,19.2,17.962082,1.2379180908203118,6.447490056355791
2017-12-02,region_6,21.1,17.484613,3.6153865814209,17.13453356123649
2017-12-09,region_6,22.0,19.807251,2.1927490234375,9.967041015625
2017-12-16,region_6,19.3,20.012419,-0.7124187469482415,3.6912888442914062
2017-12-23,region_6,19.8,17.37084,2.4291599273681648,12.268484481657397
2017-12-30,region_6,15.8,14.487698,1.3123023986816413,8.30571138406102
2018-01-06,region_6,18.7,15.113534,3.5864660263061516,19.178962707519528
2018-01-13,region_6,23.2,17.996286,5.203713607788085,22.429800033569332
2018-01-20,region_6,22.5,20.038237,2.461763381958008,10.941170586480034
2018-01-27,region_6,21.9,19.804104,2.095896148681639,9.570302048774609
2018-02-03,region_6,22.0,18.538788,3.461212158203125,15.732782537286932
2018-02-10,region_6,21.8,19.370995,2.429005432128907,11.142226752884895
2018-02-17,region_6,21.8,16.525904,5.274096298217774,24.19310228540263
2018-02-24,region_6,19.8,16.654598,3.1454017639160163,15.885867494525336
2018-03-03,region_6,21.3,15.873788,5.426212120056153,25.4751742725641
2018-03-10,region_6,21.7,17.071276,4.628724288940429,21.330526677144835
2018-03-17,region_6,21.9,17.09175,4.808250808715819,21.95548314482109
2018-03-24,region_6,22.1,17.475475,4.6245246887207045,20.92545108018418
2018-03-31,region_6,20.5,17.532812,2.9671878814697266,14.474087226681592
2018-04-07,region_6,20.3,16.928694,3.371306228637696,16.60741984550589
2018-04-14,region_6,20.7,17.176859,3.5231410980224602,17.020005304456333
2018-04-21,region_6,22.8,16.95075,5.849249649047852,25.654603723894088
2018-04-28,region_6,20.8,16.82918,3.9708202362060554,19.090481904836803
2018-05-05,region_6,23.1,18.111595,4.988404846191408,21.594826173988775
2018-05-12,region_6,23.3,19.729963,3.570036697387696,15.322045911535175
2018-05-19,region_6,22.7,18.812511,3.8874885559082024,17.12550024629164
2018-05-26,region_6,22.2,16.995197,5.204802703857421,23.44505722458298
2018-06-02,region_6,19.1,19.968994,-0.8689941406249986,4.5497075425392595
2018-06-09,region_6,22.6,18.84088,3.7591205596923842,16.633276812798158
2018-06-16,region_6,21.4,18.45333,2.9466709136962876,13.769490250917233
2018-06-23,region_6,22.7,18.01059,4.689410400390624,20.65819559643447
2018-06-30,region_6,22.5,19.005428,3.4945716857910156,15.531429714626736
2018-07-07,region_6,19.2,18.095509,1.1044914245605462,5.752559502919512
2018-07-14,region_6,22.9,18.871092,4.028908157348631,17.593485403269135
2018-07-21,region_6,23.1,19.05007,4.0499301910400405,17.532165329177662
2018-07-28,region_6,21.4,18.990881,2.409119033813475,11.257565578567641
2018-08-04,region_6,20.0,20.222557,-0.22255706787109375,1.1127853393554688
2018-08-11,region_6,22.9,19.313854,3.5861457824707017,15.660025250963763
2018-08-18,region_6,23.1,18.369272,4.730727767944337,20.479340986772023
2018-08-25,region_6,22.3,17.451044,4.848955917358399,21.744196938826903
2018-09-01,region_6,21.6,17.62404,3.975959396362306,18.40721942760327
2018-09-08,region_6,18.6,17.207232,1.392768478393556,7.488002572008366
2018-09-15,region_6,21.7,16.91334,4.786660385131835,22.05834278862597
2018-09-22,region_6,20.7,15.232329,5.467670631408691,26.41386778458305
2018-09-29,region_6,20.7,17.162628,3.5373718261718743,17.088752783439006
2018-10-06,region_6,21.8,15.803446,5.996554183959962,27.507129284220007
2018-10-13,region_6,23.3,17.869537,5.430462646484376,23.306706637271997
2018-10-20,region_6,22.9,19.534548,3.3654521942138658,14.696297791326925
2018-10-27,region_6,22.0,17.879463,4.120536804199219,18.729712746360086
2018-11-03,region_6,23.4,19.022436,4.377563858032225,18.70753785483857
2018-11-10,region_6,23.3,19.525576,3.774424362182618,16.19924618962497
2018-11-17,region_6,21.5,19.141233,2.358766555786133,10.971007236214572
2018-11-24,region_6,18.4,18.29144,0.1085609436035142,0.5900051282799685
2018-12-01,region_6,21.8,17.825594,3.974406051635743,18.231220420347444
2018-12-08,region_6,22.5,17.870424,4.629575729370117,20.575892130533855
2018-12-15,region_6,21.3,17.897097,3.402903366088868,15.976072141262291
2018-12-22,region_6,21.2,15.357967,5.842032623291015,27.55675765703309
2018-12-29,region_6,15.3,13.377516,1.922484207153321,12.565256255904059
2019-01-05,region_6,19.1,13.872179,5.227820968627931,27.370790411664558
2019-01-12,region_6,21.2,15.289248,5.9107515335083,27.88090345994481
2019-01-19,region_6,22.9,14.859948,8.040051841735838,35.10939668880279
2019-01-26,region_6,22.9,14.679495,8.220505142211913,35.89740236773761
2019-02-02,region_6,19.8,15.762829,4.037171173095704,20.38975339947325
2019-02-09,region_6,20.7,14.951253,5.748747062683105,27.771724940498093
2019-02-16,region_6,21.9,15.334593,6.565407180786131,29.979028222767724
2019-02-23,region_6,20.5,15.397806,5.102193832397461,24.888750401938832
2019-03-02,region_6,21.2,15.310828,5.8891717910766594,27.779112222059716
2019-03-09,region_6,21.3,15.758522,5.5414779663085945,26.016328480322038
2019-03-16,region_6,22.4,16.286594,6.113405609130858,27.291989326477044
2019-03-23,region_6,23.2,15.645912,7.554087829589843,32.560723403404495
2019-03-30,region_6,22.6,15.166642,7.4333578109741225,32.89096376537222
2019-04-06,region_6,22.4,15.498641,6.9013589859008775,30.809638329914634
2019-04-13,region_6,21.6,16.515888,5.084111785888673,23.537554564299413
2019-04-20,region_6,19.9,15.881227,4.018773460388182,20.194841509488352
2019-04-27,region_6,19.2,16.092531,3.1074687957763665,16.184733311335243
2019-05-04,region_6,20.8,15.920443,4.879557418823243,23.459410667419437
2019-05-11,region_6,18.0,14.725319,3.2746810913085938,18.192672729492188
2019-05-18,region_6,20.3,15.353319,4.94668083190918,24.367885871473792
2019-05-25,region_6,20.5,17.075558,3.4244422912597656,16.704596542730567
2019-06-01,region_6,17.6,15.714378,1.8856216430664077,10.713759335604587
2019-06-08,region_6,20.5,15.997372,4.502628326416016,21.964040616663493
2019-06-15,region_6,19.4,15.498606,3.9013942718505845,20.110279751807138
2019-06-22,region_6,20.3,15.918322,4.38167839050293,21.584622613314927
2019-06-29,region_6,20.5,15.035081,5.464919090270996,26.658141903760956
2019-07-06,region_6,17.0,15.527314,1.4726858139038086,8.662857728845932
2019-07-13,region_6,19.6,16.868526,2.731473541259767,13.9360894962233
2019-07-20,region_6,19.8,16.014893,3.7851074218750007,19.11670415088384
2019-07-27,region_6,19.3,15.98733,3.3126695632934577,17.164091001520507
2019-08-03,region_6,20.5,18.435978,2.0640220642089844,10.068400313214559
2019-08-10,region_6,18.4,17.155466,1.2445339202880845,6.763771305913504
2019-08-17,region_6,20.1,18.305223,1.794776535034181,8.929236492707368
2019-08-24,region_6,19.9,18.749891,1.150108718872069,5.7794407983521054
2019-08-31,region_6,20.2,18.351583,1.8484165191650384,9.150576827549695
2019-09-07,region_6,18.8,18.882788,-0.08278770446777273,0.4403601301477273
2019-09-14,region_6,21.7,19.190485,2.5095149993896477,11.564585250643539
2019-09-21,region_6,20.9,18.829634,2.070366287231444,9.906058790581072
2019-09-28,region_6,21.2,18.654757,2.5452434539794915,12.005865348959865
2019-10-05,region_6,22.3,17.619778,4.680222320556641,20.987544038370586
2019-10-12,region_6,19.4,21.09296,-1.692960357666017,8.726599781783593
2019-10-19,region_6,22.0,21.614548,0.3854522705078125,1.7520557750355115
2019-10-26,region_6,22.0,22.866503,-0.8665027618408203,3.938648917458274
2019-11-02,region_6,22.2,23.460691,-1.260691452026368,5.678790324443099
2019-11-09,region_6,21.3,22.600355,-1.300355148315429,6.104953747959761
2019-11-16,region_6,21.4,21.20058,0.19941940307617045,0.9318663695148153
2019-11-23,region_6,22.5,20.724314,1.775686264038086,7.891938951280382
2019-11-30,region_6,18.3,19.180716,-0.8807155609130852,4.812653338322869
2019-12-07,region_6,21.6,20.225794,1.3742061614990249,6.362065562495485
2019-12-14,region_6,22.5,19.199072,3.3009281158447266,14.670791625976562
2019-12-21,region_6,22.3,15.867121,6.432879257202149,28.846992184763
2019-12-28,region_6,15.6,13.996609,1.6033912658691403,10.278149140186796
2020-01-04,region_6,18.4,15.922551,2.4774488449096665,13.464395896248188
2020-01-11,region_6,22.7,16.162937,6.537062835693359,28.797633637415675
2020-01-18,region_6,21.5,16.366465,5.133535385131836,23.87690876805505
2020-01-25,region_6,20.5,16.21914,4.280860900878906,20.882248296970275
2020-02-01,region_6,19.7,15.95971,3.740289878845214,18.98624303982342
2020-02-08,region_6,20.7,16.04518,4.65482063293457,22.487056197751546
2020-02-15,region_6,18.3,15.102103,3.1978967666625984,17.474845719467748
2020-02-22,region_6,21.4,14.715217,6.684783363342284,31.237305436178897
2020-02-29,region_6,18.9,15.769253,3.130747222900389,16.564800121166083
2020-03-07,region_6,21.0,15.603586,5.396413803100586,25.697208586193266
2020-03-14,region_6,20.6,13.820973,6.779026603698732,32.90789613445986
2020-03-21,region_6,21.4,14.567476,6.832523727416991,31.927680969238274
2020-03-28,region_6,18.5,15.354288,3.145711898803711,17.00384810164168
2020-04-04,region_6,20.9,16.440544,4.45945587158203,21.33710943340684
2020-04-11,region_6,19.6,16.239481,3.3605190277099624,17.145505243418175
2020-04-18,region_6,22.4,16.486734,5.9132656097412095,26.398507186344688
2020-04-25,region_6,22.6,16.700293,5.899707412719728,26.10490005628198
2020-05-02,region_6,23.2,18.3551,4.844899368286132,20.88318693226781
2020-05-09,region_6,23.9,18.971554,4.928446197509764,20.621113797111985
2020-05-16,region_6,22.3,17.580276,4.719723510742188,21.164679420368557
2020-05-23,region_6,23.5,18.119097,5.380903244018555,22.897460612844913
2020-05-30,region_6,19.2,17.858814,1.3411857604980462,6.9853425025939915
2020-06-06,region_6,22.4,18.005735,4.394264602661131,19.61725269045148
2020-06-13,region_6,22.6,17.6529,4.94709930419922,21.889819930085043
2020-06-20,region_6,21.6,17.769497,3.830503082275392,17.733810566089776
2020-06-27,region_6,21.0,16.677685,4.322315216064453,20.582453409830727
2020-07-04,region_6,17.9,15.983626,1.9163736343383775,10.70599795719764
2020-07-11,region_6,21.0,17.189337,3.8106632232666016,18.14601534888858
2020-07-18,region_6,21.6,18.96027,2.639730072021486,12.220972555655026
2020-07-25,region_6,20.7,18.315283,2.384717178344726,11.520372842245052
2020-08-01,region_6,20.7,18.239828,2.4601718902587884,11.88488835873811
2020-08-08,region_6,21.4,19.508482,1.8915180206298814,8.83886925527982
2020-08-15,region_6,20.6,17.489996,3.110004043579103,15.097107007665548
2020-08-22,region_6,22.3,17.15468,5.145319747924805,23.073182726120205
2020-08-29,region_6,22.8,18.889029,3.9109714508056648,17.153383556165196
2020-09-05,region_6,22.3,19.183144,3.1168563842773445,13.9769344586428
2020-09-12,region_6,18.2,20.332035,-2.1320350646972663,11.714478377457507
2020-09-19,region_6,22.5,18.114779,4.385221481323242,19.48987325032552
2020-09-26,region_6,22.9,19.308601,3.5913986206054673,15.6829634087575
2020-10-03,region_6,24.1,21.01142,3.088580703735353,12.81568756736661
2020-10-10,region_6,22.4,22.739248,-0.33924827575683736,1.5145012310573098
2020-10-17,region_6,21.8,23.576006,-1.7760059356689446,8.146816218664883
2020-10-24,region_6,21.5,22.361671,-0.8616714477539062,4.007774175599564
2020-10-31,region_6,22.9,20.383684,2.5163158416748033,10.988278784606129
2020-11-07,region_6,23.1,22.189854,0.9101463317871108,3.940027410333813
2020-11-14,region_6,23.5,22.482635,1.017364501953125,4.3292106466090425
2020-11-21,region_6,22.1,21.979406,0.12059364318847798,0.5456725936130226
2020-11-28,region_6,19.3,21.038996,-1.7389957427978509,9.010340636258295
2020-12-05,region_6,22.5,19.854782,2.6452178955078125,11.756523980034721
2020-12-12,region_6,21.6,21.127396,0.4726043701171889,2.1879831949869857
2020-12-19,region_6,22.5,16.284382,6.215618133544922,27.624969482421875
2020-12-26,region_6,15.1,15.299359,-0.19935932159423864,1.3202604079088651
2021-01-02,region_6,17.9,16.947693,0.9523071289062486,5.320151558135467
2021-01-09,region_6,23.2,16.251856,6.948144149780273,29.948897197328762
2021-01-16,region_6,22.6,16.789877,5.8101230621337905,25.708509124485797
2021-01-23,region_6,23.2,16.734667,6.465333175659179,27.86781541232405
2021-01-30,region_6,22.5,15.877362,6.622637748718262,29.43394554985894
2021-02-06,region_6,22.2,16.42039,5.77961082458496,26.034282993625947
2021-02-13,region_6,22.1,15.630745,6.46925506591797,29.272647357094883
2021-02-20,region_6,4.6,15.732595,-11.132595443725586,242.01294442881712
2021-02-27,region_6,24.9,16.596018,8.303982162475585,33.349325953717205
2021-03-06,region_6,25.1,17.95946,7.140540695190431,28.448369303547533
2021-03-13,region_6,23.2,17.148066,6.051934432983398,26.08592428010085
2021-03-20,region_6,19.4,16.339025,3.060974502563475,15.778219085378739
2021-03-27,region_6,22.9,17.232367,5.66763343811035,24.749490996115068
2021-04-03,region_6,21.9,18.32829,3.571709060668944,16.309173793008878
2021-04-10,region_6,22.1,18.086967,4.013032531738283,18.158518243159648
2021-04-17,region_6,23.8,17.255268,6.544731903076173,27.49887354233686
2021-04-24,region_6,25.5,16.768877,8.731122970581055,34.239697923847274
2021-05-01,region_6,24.8,16.321722,8.478277969360352,34.18660471516271
2021-05-08,region_6,25.1,16.98805,8.111949539184572,32.3185240604963
2021-05-15,region_6,23.5,16.686932,6.813068389892578,28.991780382521608
2021-05-22,region_6,22.8,16.518415,6.281584548950196,27.55080942522016
2021-05-29,region_6,24.3,15.7682495,8.53175048828125,35.11008431391461
2021-06-05,region_6,21.0,15.925401,5.074599266052246,24.1647584097726
2021-06-12,region_6,23.2,17.318712,5.881287765502929,25.35037829958159
2021-06-19,region_6,25.6,16.944721,8.655278778076173,33.80968272686005
2021-06-26,region_6,25.7,16.329573,9.370427322387695,36.460806701897646
2021-07-03,region_6,23.1,14.202914,8.897085762023927,38.51552277932436
2021-07-10,region_6,22.9,14.1010685,8.798931503295897,38.42328167378121
2021-07-17,region_6,24.6,15.801171,8.798828697204591,35.76759633009996
2021-07-24,region_6,24.1,14.600619,9.499380683898927,39.41651736057646
2021-07-31,region_6,23.8,15.103229,8.696771430969239,36.541056432643856
2021-08-07,region_6,24.9,15.939829,8.960171127319335,35.984623001282465
2021-08-14,region_6,23.9,15.39429,8.50571002960205,35.588744893732425
2021-08-21,region_6,25.8,14.503192,11.296808052062989,43.78607772117438
2021-08-28,region_6,25.9,14.139795,11.760204696655272,45.40619573998175
2021-09-04,region_6,25.7,14.633952,11.066047859191894,43.058551981291416
2021-09-11,region_6,21.5,15.715711,5.784289360046387,26.903671442076217
2021-09-18,region_6,25.1,16.545582,8.554418182373048,34.081347340131664
2021-09-25,region_6,22.6,16.44712,6.152879333496095,27.225129794230508
2021-10-02,region_6,24.2,17.721062,6.4789382934570305,26.772472287012523
2021-10-09,region_6,25.0,16.566185,8.433815002441406,33.735260009765625
2021-10-16,region_6,25.1,20.146292,4.9537082672119155,19.735889510804444
2021-10-23,region_6,26.1,19.768751,6.331248855590822,24.257658450539545
2021-10-30,region_6,26.7,21.047148,5.652852249145507,21.171731270207893
2021-11-06,region_6,26.0,21.815178,4.184822082519531,16.095469548152046
2021-11-13,region_6,27.2,20.879765,6.320235443115234,23.23615971733542
2021-11-20,region_6,26.2,19.751793,6.4482070922851555,24.61147745147006
2021-11-27,region_6,22.8,19.051205,3.7487953186035163,16.442084730717177
2021-12-04,region_6,27.6,18.69516,8.904840087890626,32.26391336192256
2021-12-11,region_6,27.1,19.50034,7.599660491943361,28.043027645547458
2021-12-18,region_6,27.8,19.562414,8.237585830688477,29.631603707512504
2021-12-25,region_6,20.8,15.700362,5.09963779449463,24.517489396608795
2022-01-01,region_6,20.6,14.426068,6.173931694030763,29.970542204032828
2022-01-08,region_6,26.1,15.274335,10.825665092468263,41.47764403244545
2022-01-15,region_6,28.3,16.97113,11.32886962890625,40.03134144489841
2022-01-22,region_6,28.3,17.395359,10.90464096069336,38.53230021446417
2022-01-29,region_6,26.8,17.307413,9.492586898803712,35.42010036867057
2022-02-05,region_6,27.7,17.081253,10.618746948242187,38.334826527950135
2022-02-12,region_6,27.7,18.266306,9.433694076538085,34.05665731602197
2022-02-19,region_6,28.2,19.42313,8.776869964599609,31.123652356736205
2022-02-26,region_6,26.8,19.456411,7.343588638305665,27.401450142931584
2022-03-05,region_6,27.4,18.418621,8.981378936767577,32.77875524367729
2022-03-12,region_6,27.8,19.190384,8.609616088867188,30.96984204628485
2022-03-19,region_6,27.3,18.425121,8.874878692626954,32.508713159805694
2022-03-26,region_6,26.8,18.90613,7.893870162963868,29.454739414044283
2022-04-02,region_6,26.7,17.556368,9.143632125854491,34.24581320544753
2022-04-09,region_6,28.9,18.694904,10.20509567260742,35.31174973220561
2022-04-16,region_6,26.5,21.408577,5.091423034667969,19.2129171119546
2022-04-23,region_6,27.0,21.027348,5.972652435302734,22.120934945565683
2022-04-30,region_6,23.8,20.89974,2.9002597808837898,12.185965465898276
2022-05-07,region_6,28.4,21.629198,6.770801925659178,23.8408518509126
2022-05-14,region_6,27.4,19.923328,7.4766716003417955,27.287122628984655
2022-05-21,region_6,29.6,22.605412,6.994588470458986,23.63036645425333
2022-05-28,region_6,29.2,21.168983,8.031016540527343,27.503481303175832
2022-06-04,region_6,23.6,21.349808,2.250192260742189,9.534712969246563
2022-06-11,region_6,28.3,20.648903,7.6510971069335945,27.035678823086904
2022-06-18,region_6,27.0,18.69853,8.301469802856445,30.746184455023872
2022-06-25,region_6,28.9,19.26628,9.633720779418944,33.33467397722818
2022-07-02,region_6,28.5,20.948828,7.551172256469727,26.49534125077097
2022-07-09,region_6,23.6,19.647497,3.952502822875978,16.747893317271092
2022-07-16,region_6,29.8,22.883698,6.916302490234376,23.209068759175757
2022-07-23,region_6,31.2,23.255926,7.944073867797851,25.461775217300804
2022-07-30,region_6,30.3,21.912746,8.387253570556641,27.680704853322247
2022-08-06,region_6,29.0,23.424278,5.575721740722656,19.226626692147093
2022-08-13,region_6,29.1,23.658018,5.441981887817384,18.700968686657678
2022-08-20,region_6,30.3,22.245893,8.054106521606446,26.581209642265495
2022-08-27,region_6,28.6,19.338963,9.26103744506836,32.381249807931326
2022-09-03,region_6,29.2,19.1724,10.027600479125976,34.34109753125335
2022-09-10,region_6,25.0,19.642935,5.357065200805664,21.428260803222656
2022-09-17,region_6,28.8,18.180511,10.619488525390626,36.87322404649523
2022-09-24,region_6,30.0,19.483027,10.516973495483398,35.05657831827799
2022-10-01,region_6,28.0,18.54847,9.451530456542969,33.755465916224885
2022-10-08,region_6,29.7,16.318245,13.381755065917968,45.05641436336016
2022-10-15,region_6,30.2,19.355618,10.84438247680664,35.908551247704104
2022-10-22,region_6,29.5,20.156889,9.343111038208008,31.67156284138308
2022-10-29,region_6,29.7,21.294989,8.40501136779785,28.29970157507694
2022-11-05,region_6,29.4,22.886992,6.513008499145506,22.15309013314798
2022-11-12,region_6,28.3,22.732586,5.567414093017579,19.672841318083318
2022-11-19,region_6,30.0,22.027931,7.972068786621094,26.573562622070312
2022-11-26,region_6,24.7,21.014027,3.685973358154296,14.922969061353426
2022-12-03,region_6,28.5,19.163094,9.336906433105469,32.76107520387884
2022-12-10,region_6,27.3,19.195951,8.104048538208009,29.685159480615415
2022-12-17,region_6,29.4,18.583927,10.816072845458983,36.78936341992852
2022-12-24,region_6,26.3,15.902015,10.39798526763916,39.536065656422664
2022-12-31,region_6,22.7,13.844664,8.855336380004882,39.010292422929
2023-01-07,region_6,25.799999999999997,17.144222,8.655777740478513,33.54952612588571
2023-01-14,region_6,28.8,16.367176,12.432823944091798,43.169527583652076
2023-01-21,region_6,29.799999999999997,15.521195,14.278804588317868,47.915451638650566
2023-01-28,region_6,27.9,16.061068,11.83893241882324,42.43344952983241
2023-02-04,region_6,26.4,14.353943,12.046057128906249,45.62900427616003
2023-02-11,region_6,25.3,16.495983,8.804016876220704,34.79848567676168
2023-02-18,region_6,28.2,17.317024,10.882975769042968,38.59211265618074
2023-02-25,region_6,26.2,16.540848,9.659152221679687,36.86699321251789
2023-03-04,region_6,27.4,18.060946,9.33905448913574,34.084140471298326
2023-03-11,region_6,24.2,17.192732,7.007268142700195,28.955653482232208
2023-03-18,region_6,24.2,17.041828,7.158171844482421,29.579222497861245
2023-03-25,region_6,24.9,16.239092,8.660908126831053,34.7827635615705
2023-04-01,region_6,24.0,16.369576,7.630424499511719,31.79343541463216
2023-04-08,region_6,23.700000000000003,17.665665,6.03433532714844,25.46133049429721
2023-04-15,region_6,23.9,17.4881,6.411899948120116,26.828033255732702
2023-04-22,region_6,27.0,18.482492,8.517507553100586,31.546324270742907
2023-04-29,region_6,24.3,16.901651,7.398348617553712,30.445879084583176
2023-05-06,region_6,26.799999999999997,16.650093,10.149906921386716,37.87278702009969
2023-05-13,region_6,24.700000000000003,18.909351,5.79064865112305,23.443921664465787
2023-05-20,region_6,25.0,16.638466,8.361534118652344,33.446136474609375
2023-05-27,region_6,24.4,16.424202,7.975798034667967,32.68769686339331
2023-06-03,region_6,22.2,16.184782,6.015217971801757,27.09557644955747
2023-06-10,region_6,25.4,17.441908,7.958092117309569,31.33107132799043
2023-06-17,region_6,25.7,17.579388,8.120612335205077,31.597713366556725
2023-06-24,region_6,24.1,16.542238,7.557761764526369,31.360007321686172
2023-07-01,region_6,25.8,16.523851,9.27614860534668,35.95406436180883
2023-07-08,region_6,19.1,16.325487,2.774512863159181,14.52624535685435
2023-07-15,region_6,24.1,19.84947,4.250529861450197,17.637053367013262
2023-07-22,region_6,26.0,19.958927,6.041072845458984,23.234895559457634
2023-07-29,region_6,23.6,20.30647,3.2935291290283217,13.955631902662379
2023-08-05,region_6,24.0,21.895617,2.1043834686279297,8.768264452616375
2023-08-12,region_6,25.2,23.845844,1.3541557312011712,5.373633853972901
2023-08-19,region_6,27.4,25.545412,1.8545879364013658,6.76856911095389
2023-08-26,region_6,25.5,25.105152,0.3948478698730469,1.5484230191099877
2023-09-02,region_6,26.1,20.75584,5.3441596984863295,20.475707657035745
2023-09-09,region_6,22.9,24.125265,-1.2252651214599624,5.350502713798963
2023-09-16,region_6,26.6,23.381187,3.2188125610351577,12.10079910163593
2023-09-23,region_6,27.6,23.152,4.447999572753908,16.115940480992418
2023-09-30,region_6,27.799999999999997,24.804354,2.9956462860107393,10.775706064786833
2023-10-07,region_6,27.799999999999997,20.339798,7.460202026367185,26.835259087651746
2023-10-14,region_6,26.5,22.058355,4.441644668579102,16.760923277656985
2023-10-21,region_6,27.6,22.612658,4.987342453002931,18.070081351459894
2023-10-28,region_6,27.4,22.976942,4.423057937622069,16.142547217598793
2023-11-04,region_6,26.7,20.587193,6.112807464599609,22.894409979773815
2023-11-11,region_6,26.9,21.838915,5.061085128784178,18.81444285793375
2023-11-18,region_6,27.200000000000003,22.107676,5.092324447631839,18.721781057469993
2023-11-25,region_6,22.2,21.092892,1.107108306884765,4.986974355336779
2023-12-02,region_6,25.5,18.740288,6.759712219238281,26.508675369561885
2023-12-09,region_6,26.2,19.584566,6.6154338836669915,25.249747647583938
2023-12-16,region_6,26.0,21.55089,4.44911003112793,17.111961658184345
2023-12-23,region_6,24.3,16.42763,7.872370529174805,32.39658653981402
2023-12-30,region_6,22.200000000000003,14.306878,7.893121910095218,35.5546031986271
2024-01-06,region_6,22.2,15.738139,6.461860847473144,29.10748129492407
2024-01-13,region_6,25.0,15.836513,9.163487434387207,36.65394973754883
2024-01-20,region_6,19.4,18.19178,1.2082199096679673,6.227937678700863
2024-01-27,region_6,20.8,15.55571,5.244290161132813,25.212933466984676
2024-02-03,region_6,22.9,15.640973,7.25902690887451,31.698807462334106
2024-02-10,region_6,24.1,16.996643,7.103356933593751,29.47451009789938
2024-02-17,region_6,22.0,16.265001,5.73499870300293,26.06817592274059
2024-02-24,region_6,22.200000000000003,16.08764,6.112359237670901,27.533149719238292
2024-03-02,region_6,21.9,17.745813,4.154186630249022,18.968888722598276
2024-03-09,region_6,20.6,16.94372,3.6562801361084,17.74893269955534
2024-03-16,region_6,20.5,15.568935,4.931064605712891,24.053973686404344
2024-03-23,region_6,20.4,15.658497,4.7415031433105455,23.242662467208557
2024-03-30,region_6,18.5,16.702284,1.7977161407470703,9.717384544578758
2024-04-06,region_6,20.3,16.740833,3.5591667175292976,17.532840973050725
2024-04-13,region_6,22.3,15.997919,6.302080917358399,28.260452544208064
2024-04-20,region_6,21.5,16.717798,4.782201766967773,22.24279891612918
2024-04-27,region_6,22.8,16.471807,6.328192520141602,27.755230351498255
2024-05-04,region_6,21.6,16.005598,5.594401931762697,25.900008943345814
2024-05-11,region_6,20.3,17.622984,2.6770160675048835,13.187271268496964
2024-05-18,region_6,19.7,16.92994,2.770060729980468,14.061221979596287
2024-05-25,region_6,20.7,19.414072,1.2859279632568352,6.212212382883262
2024-06-01,region_6,19.0,19.777014,-0.7770137786865234,4.089546203613281
2024-06-08,region_6,21.2,17.116966,4.0830337524414055,19.259593171893425
2024-06-15,region_6,21.2,17.987831,3.212168884277343,15.151740020176147
2024-06-22,region_6,21.1,16.406536,4.6934638977050795,22.24390472846009
2024-06-29,region_6,20.4,15.971325,4.428675079345702,21.70919156542011
2024-07-06,region_6,18.4,16.499334,1.9006656646728501,10.329704699308968
2024-07-13,region_6,18.4,16.859404,1.5405963897705064,8.372806466144057
2024-07-20,region_6,21.0,18.336493,2.6635074615478516,12.683368864513579
2024-07-27,region_6,20.9,17.039,3.8610004425048814,18.47368632777455
2024-08-03,region_6,20.5,18.553247,1.9467525482177734,9.496353893745237
2024-08-10,region_6,20.4,18.335535,2.064464950561522,10.119926228242756
2024-08-17,region_6,21.5,17.461172,4.038827896118164,18.785246028456577
2024-08-24,region_6,21.7,21.86961,-0.16960983276367259,0.7816121325514865
2024-08-31,region_6,22.4,19.278429,3.1215709686279283,13.93558468137468
2024-09-07,region_6,20.8,18.292973,2.507027435302735,12.053016515878534
2024-09-14,region_6,23.8,19.0658,4.734200286865235,19.891597843971574
2024-09-21,region_6,23.8,19.378819,4.42118148803711,18.576392806878612
2024-09-28,region_6,22.200000000000003,20.023804,2.176196289062503,9.80268598676803
2024-10-05,region_6,23.3,20.968351,2.3316486358642585,10.007075690404543
2024-10-12,region_6,22.2,22.011805,0.18819541931152273,0.8477271140158681
2024-10-19,region_6,23.6,19.026491,4.573508834838869,19.37927472389351
2024-10-26,region_6,24.1,21.075117,3.0248828887939467,12.551381281302682
2024-11-02,region_6,24.700000000000003,21.152992,3.5470077514648466,14.360355269088446
2024-11-09,region_6,22.700000000000003,22.989521,-0.2895210266113253,1.2754230247194944
2024-11-16,region_6,24.0,22.985891,1.014108657836914,4.2254527409871425
2024-11-23,region_6,23.0,23.164497,-0.16449737548828125,0.7152059803838315
2024-11-30,region_6,19.799999999999997,23.03482,-3.234820556640628,16.337477558791054
2024-12-07,region_6,21.8,21.363016,0.43698387145996165,2.0045131718346867
2024-12-14,region_6,21.7,20.058813,1.6411869049072259,7.5630732945033445
2024-12-21,region_6,22.4,17.361576,5.038423919677733,22.492963927132738
2024-12-28,region_6,15.3,15.988786,-0.6887857437133782,4.501867605969792
2025-01-04,region_6,18.5,16.011032,2.4889678955078125,13.453880516258446
2025-01-11,region_6,19.4,15.894856,3.505143547058104,18.06775024256755
2025-01-18,region_6,20.8,15.303216,5.4967840194702156,26.426846247452957
2025-01-25,region_6,18.3,18.5124,-0.21239967346191335,1.1606539533437887
2025-02-01,region_6,21.7,18.33563,3.364369583129882,15.504007295529412
2025-02-08,region_6,20.6,18.900396,1.699603652954103,8.25050316968011
2025-02-15,region_6,19.3,19.129381,0.1706188201904304,0.8840353377742508
2025-02-22,region_6,17.0,17.309385,-0.3093852996826172,1.8199135275448068
2025-03-01,region_6,20.5,19.862766,0.6372337341308594,3.108457239662729
2025-03-08,region_6,21.0,18.723652,2.276348114013672,10.839752923874627
2025-03-15,region_6,19.0,18.468319,0.5316810607910156,2.798321372584293
2025-03-22,region_6,21.2,17.912012,3.2879878997802727,15.509376885756005
2025-03-29,region_6,19.5,17.303738,2.1962623596191406,11.262883895482773
2025-04-05,region_6,20.3,18.233238,2.066761779785157,10.181092511256931
2025-04-12,region_6,19.0,17.3311,1.6688995361328125,8.783681769120067
2025-04-19,region_6,18.7,18.910927,-0.21092681884765696,1.127950902928647
2025-04-26,region_6,19.0,19.207863,-0.20786285400390625,1.094015021073191
2025-05-03,region_6,18.1,17.959951,0.14004859924316548,0.773749167089312
2025-05-10,region_6,19.6,18.456078,1.1439224243164077,5.836338899573508
2025-05-17,region_6,19.1,21.09218,-1.992180252075194,10.430263099870125
2025-05-24,region_6,20.8,18.563871,2.2361286163330085,10.750618347754848
2025-05-31,region_6,16.799999999999997,17.609512,-0.8095123291015653,4.818525768461699
2025-06-07,region_6,20.4,18.26835,2.1316493988037095,10.449261758841715
2025-06-14,region_6,18.5,17.749765,0.7502346038818359,4.0553221831450585
2025-06-21,region_6,17.8,15.537262,2.2627380371093757,12.712011444434696
2025-06-28,region_6,18.1,15.092992,3.0070081710815444,16.613304812605218
2025-07-05,region_6,15.1,14.977632,0.12236843109130824,0.8103869608695909
2025-07-12,region_6,17.6,16.760063,0.8399368286132827,4.772368344393651
2025-07-19,region_6,19.4,15.253003,4.146996879577635,21.37627257514245
2025-07-26,region_6,19.700000000000003,15.046727,4.653272819519046,23.620674210756572
2025-08-02,region_6,19.5,15.461655,4.0383453369140625,20.70946326622596
2025-08-09,region_6,19.0,16.45101,2.548990249633789,13.415738155967311
2025-08-16,region_6,18.1,17.823025,0.27697525024414205,1.530250001348851
2025-08-23,region_6,19.1,18.740795,0.35920486450195455,1.8806537408479294
2025-08-30,region_6,19.9,18.022118,1.8778823852539048,9.436594900773391
2025-09-06,region_6,17.2,18.21844,-1.0184391021728523,5.921157570772397
2025-09-13,region_6,22.0,19.163918,2.8360824584960938,12.89128390225497
2025-09-20,region_6,22.700000000000003,21.317696,1.3823043823242216,6.089446618168376
2025-09-27,region_6,21.0,21.502735,-0.5027351379394531,2.3939768473307295
2025-10-04,region_6,21.2,18.890503,2.3094970703124993,10.89385410524764
2025-10-11,region_6,21.2,18.404913,2.795087051391601,13.184372883922645
2025-10-18,region_6,21.9,18.257875,3.6421245574951158,16.63070574198683
2025-10-25,region_6,20.7,19.963198,0.7368022918701165,3.5594313616913844
2025-11-01,region_6,21.4,20.956049,0.443951034545897,2.0745375446069954
2025-11-08,region_6,21.1,20.33193,0.7680698394775405,3.640141419324836
2025-11-15,region_6,22.3,21.370115,0.9298847198486335,4.169886636092527
2025-11-22,region_6,22.0,19.395454,2.6045455932617188,11.838843605735084
2025-11-29,region_6,17.8,19.323198,-1.5231983184814446,8.55729392405306
2025-12-06,region_6,20.5,18.6846,1.815399169921875,8.855605706935975
2025-12-13,region_6,19.8,19.808514,-0.008513641357421164,0.042998188673844265
2025-12-20,region_6,20.9,18.659544,2.2404560089111314,10.719885210101108
2025-12-27,region_6,15.6,16.825195,-1.2251953125000004,7.8538161057692335
