,Actual,Predicted,Residual,Percent_Error,year,region
1669,7.0,9.589471775963396,-2.5894717759633963,-36.99245394233423,2016,4
1670,11.6,14.738411449354988,-3.1384114493549884,-27.05527111512921,2016,4
1671,10.5,14.479806887324546,-3.9798068873245462,-37.90292273642425,2016,4
1672,9.5,13.9470842268809,-4.4470842268809,-46.81141291453579,2016,4
1673,9.9,13.650439773563676,-3.7504397735636754,-37.88323003599672,2016,4
1674,10.9,13.60841143577532,-2.7084114357753197,-24.847811337388254,2016,4
1675,10.4,13.389339267596448,-2.9893392675964474,-28.743646803811995,2016,4
1676,9.7,13.360691015574337,-3.660691015574338,-37.739082634786996,2016,4
1677,10.5,13.447303176148797,-2.9473031761487967,-28.06955405855997,2016,4
1678,10.6,12.741633396676184,-2.141633396676184,-20.20408864788853,2016,4
1679,10.7,12.865348345724179,-2.16534834572418,-20.236900427328784,2016,4
1680,10.7,12.931359189973364,-2.2313591899733645,-20.85382420535855,2016,4
1681,8.9,13.230410831201517,-4.330410831201517,-48.65630147417435,2016,4
1682,8.8,13.47403116931033,-4.674031169310329,-53.11399056034464,2016,4
1683,9.7,13.97538094755639,-4.275380947556391,-44.0760922428494,2016,4
1684,9.1,14.279157830956464,-5.1791578309564645,-56.91382231820291,2016,4
1685,9.4,13.307252723773777,-3.9072527237737766,-41.566518338018895,2016,4
1686,9.6,13.000209087163128,-3.4002090871631285,-35.41884465794926,2016,4
1687,9.3,13.282784336405388,-3.9827843364053876,-42.82563802586438,2016,4
1688,8.6,13.011526735237563,-4.411526735237564,-51.296822502762375,2016,4
1689,9.8,14.132962248198591,-4.332962248198591,-44.21390049182235,2016,4
1690,9.0,13.160219696850175,-4.1602196968501755,-46.22466329833529,2016,4
1691,8.7,13.246424218174173,-4.546424218174174,-52.25774963418591,2016,4
1692,9.4,13.480897785924064,-4.080897785924064,-43.41380623323472,2016,4
1693,8.8,12.244780733691472,-3.4447807336914718,-39.14523561013036,2016,4
1694,10.3,13.3139061601071,-3.0139061601070996,-29.26122485540873,2016,4
1695,10.0,13.643603619292236,-3.643603619292236,-36.43603619292236,2016,4
1696,6.7,13.831526511219211,-7.131526511219211,-106.44069419730164,2016,4
1697,10.6,13.2831309075487,-2.6831309075486995,-25.31255573159151,2016,4
1698,9.4,13.450269007104614,-4.050269007104614,-43.08796816068738,2016,4
1699,9.5,12.858433011050963,-3.3584330110509626,-35.35192643211539,2016,4
1700,10.1,12.67256248601148,-2.5725624860114795,-25.470915703083957,2016,4
1701,9.5,12.694579709112162,-3.194579709112162,-33.6271548327596,2016,4
1702,9.9,11.957712473100088,-2.0577124731000875,-20.784974475758457,2016,4
1703,9.9,11.847096072452718,-1.9470960724527178,-19.667637095481997,2016,4
1704,10.2,12.238320327392369,-2.03832032739237,-19.983532621493826,2016,4
1705,8.6,13.729138529002725,-5.129138529002725,-59.641145686078204,2016,4
1706,10.1,14.299665093665535,-4.199665093665535,-41.580842511539956,2016,4
1707,10.1,15.251205161737914,-5.151205161737915,-51.002031304335794,2016,4
1708,9.6,15.957112436987149,-6.3571124369871495,-66.21992121861614,2016,4
1709,10.3,15.947239923448432,-5.647239923448431,-54.827572072314865,2016,4
1710,9.9,16.895733555405172,-6.995733555405172,-70.66397530712295,2016,4
1711,10.0,17.336881451612633,-7.3368814516126335,-73.36881451612633,2016,4
1712,10.3,17.887730908845953,-7.587730908845952,-73.66729037714515,2016,4
1713,10.8,18.25069943690135,-7.450699436901349,-68.98795774908656,2016,4
1714,10.7,17.580464829247827,-6.880464829247828,-64.30340961913859,2016,4
1715,10.5,17.67104501016515,-7.171045010165152,-68.29566676347764,2016,4
1716,9.0,17.5841400123635,-8.584140012363498,-95.37933347070555,2016,4
1717,10.9,17.555086702313208,-6.655086702313207,-61.055841305625755,2016,4
1718,10.2,15.762434963037588,-5.562434963037589,-54.53367610821166,2016,4
1719,10.5,14.844963278230754,-4.344963278230754,-41.38060264981671,2016,4
1720,9.9,14.111509999089007,-4.211509999089007,-42.54050504130309,2016,4
1721,8.1,13.650665125520337,-5.550665125520338,-68.52672994469553,2016,4
1722,9.5,14.218216256632386,-4.718216256632386,-49.66543428034091,2017,4
1723,10.1,14.165585693109305,-4.0655856931093055,-40.25332369415155,2017,4
1724,10.9,14.62097305632367,-3.72097305632367,-34.13736748920798,2017,4
1725,9.6,14.44319245365082,-4.84319245365082,-50.44992139219605,2017,4
1726,9.6,14.31358934012195,-4.713589340121951,-49.09988895960365,2017,4
1727,10.2,14.510075335131921,-4.310075335131922,-42.255640540509035,2017,4
1728,9.7,14.57693157582517,-4.8769315758251714,-50.27764511159971,2017,4
1729,10.1,14.794152727794426,-4.694152727794426,-46.47675968113293,2017,4
1730,9.3,13.729958007268554,-4.429958007268553,-47.63395706740379,2017,4
1731,10.6,13.811577074738477,-3.211577074738477,-30.297896931495067,2017,4
1732,8.9,13.862846714122304,-4.962846714122303,-55.76232263058768,2017,4
1733,10.5,13.6706552420146,-3.1706552420146004,-30.196716590615242,2017,4
1734,9.7,14.11746033846398,-4.417460338463981,-45.54082823158743,2017,4
1735,10.3,13.818765818514015,-3.518765818514014,-34.16277493702926,2017,4
1736,10.0,13.059384970150091,-3.0593849701500915,-30.593849701500915,2017,4
1737,10.6,13.986042747205762,-3.386042747205762,-31.94379950194115,2017,4
1738,10.9,14.036209964345911,-3.1362099643459107,-28.772568480237716,2017,4
1739,9.7,14.219523114794466,-4.519523114794467,-46.59302180200481,2017,4
1740,10.5,15.340505798475572,-4.840505798475572,-46.10005522357688,2017,4
1741,9.4,14.897043880036986,-5.497043880036985,-58.47919021315941,2017,4
1742,9.6,14.223614169817576,-4.623614169817577,-48.16264760226643,2017,4
1743,9.1,13.7391295298771,-4.639129529877101,-50.979445383264846,2017,4
1744,10.2,13.733637086202428,-3.533637086202429,-34.64350084512186,2017,4
1745,9.8,13.114510920477223,-3.314510920477222,-33.82154000486961,2017,4
1746,9.5,12.392689663062306,-2.8926896630623062,-30.44936487434007,2017,4
1747,9.8,12.601143684238812,-2.801143684238811,-28.583098818763375,2017,4
1748,6.7,12.387167723104037,-5.687167723104037,-84.88310034483636,2017,4
1749,10.1,12.768000652127117,-2.668000652127118,-26.415848040862556,2017,4
1750,10.1,12.544681182339836,-2.4446811823398367,-24.20476418158254,2017,4
1751,9.3,12.151271677341459,-2.851271677341458,-30.65883524023073,2017,4
1752,9.4,12.807548832195623,-3.407548832195623,-36.250519491442795,2017,4
1753,9.7,12.716835475230635,-3.0168354752306357,-31.101396651862224,2017,4
1754,10.0,12.92744403530132,-2.9274440353013205,-29.274440353013205,2017,4
1755,9.3,12.982261523826818,-3.682261523826817,-39.59420993362169,2017,4
1756,9.0,13.034316262560978,-4.034316262560978,-44.82573625067754,2017,4
1757,8.1,12.820093587753703,-4.720093587753704,-58.27276034263832,2017,4
1758,8.2,13.897556106577518,-5.697556106577519,-69.48239154362828,2017,4
1759,9.9,14.35822929431632,-4.45822929431632,-45.03261913450828,2017,4
1760,9.4,15.748479279514568,-6.348479279514567,-67.5370136118571,2017,4
1761,10.4,15.506113814954531,-5.106113814954531,-49.097248220716644,2017,4
1762,9.5,14.109292077513159,-4.6092920775131585,-48.518863973822725,2017,4
1763,10.0,15.738537604073743,-5.738537604073743,-57.385376040737434,2017,4
1764,10.6,16.57950859325348,-5.979508593253479,-56.41045842691962,2017,4
1765,10.6,17.04023627384244,-6.440236273842439,-60.75694597964565,2017,4
1766,10.3,16.68564615675689,-6.385646156756888,-61.99656462870764,2017,4
1767,9.8,15.558767173125275,-5.758767173125275,-58.76293033801301,2017,4
1768,7.0,14.770415028311783,-7.770415028311783,-111.00592897588261,2017,4
1769,10.7,16.053139049349866,-5.353139049349867,-50.02933690981184,2017,4
1770,10.8,15.24725965415762,-4.4472596541576195,-41.17833013108907,2017,4
1771,10.3,14.04659876393158,-3.74659876393158,-36.37474528088912,2017,4
1772,9.9,14.008560170333626,-4.108560170333625,-41.50060778114773,2017,4
1773,7.2,13.423114292418095,-6.223114292418095,-86.43214295025132,2017,4
1774,8.9,13.891055242717602,-4.991055242717602,-56.07927239008541,2018,4
1775,10.1,13.602925806519718,-3.502925806519718,-34.682433727918,2018,4
1776,9.5,13.570974387999925,-4.070974387999925,-42.85236197894658,2018,4
1777,10.6,13.602979335105044,-3.002979335105044,-28.329993727406077,2018,4
1778,10.0,13.76594246123221,-3.7659424612322105,-37.659424612322105,2018,4
1779,10.0,13.505319341759872,-3.505319341759872,-35.05319341759872,2018,4
1780,9.7,13.564224764039476,-3.864224764039477,-39.83736870143792,2018,4
1781,9.9,13.84390189878069,-3.9439018987806893,-39.83739291697666,2018,4
1782,9.6,13.1505541328874,-3.5505541328874006,-36.98493888424375,2018,4
1783,10.0,13.139860625869042,-3.1398606258690425,-31.398606258690425,2018,4
1784,9.4,13.647082017008437,-4.247082017008436,-45.181723585196124,2018,4
1785,8.8,14.020837127007994,-5.220837127007993,-59.32769462509082,2018,4
1786,8.2,13.325600028613016,-5.125600028613016,-62.50731742210996,2018,4
1787,9.2,13.265672761962975,-4.065672761962976,-44.192095238727994,2018,4
1788,9.0,13.3942868189481,-4.3942868189481,-48.825409099423325,2018,4
1789,8.8,13.517576484691928,-4.717576484691927,-53.60882368968098,2018,4
1790,9.0,13.720225379364543,-4.720225379364543,-52.44694865960603,2018,4
1791,8.9,13.489573039759883,-4.589573039759882,-51.56823640179643,2018,4
1792,9.1,13.593418563866726,-4.493418563866726,-49.378225976557424,2018,4
1793,9.1,13.210451623369465,-4.110451623369466,-45.16979805900512,2018,4
1794,9.2,12.212678973347787,-3.0126789733477874,-32.746510579867255,2018,4
1795,8.6,13.611969110776204,-5.011969110776205,-58.27871059042099,2018,4
1796,9.1,13.494996174644227,-4.394996174644227,-48.29666125982667,2018,4
1797,9.5,13.443534606731738,-3.9435346067317383,-41.51089059717619,2018,4
1798,9.0,12.866506330407795,-3.8665063304077947,-42.961181448975495,2018,4
1799,9.7,12.566190211024029,-2.86619021102403,-29.54835269096938,2018,4
1800,6.6,11.816488040383007,-5.216488040383007,-79.03769758156072,2018,4
1801,10.4,12.091860635637422,-1.691860635637422,-16.267890727282904,2018,4
1802,8.5,11.51408372673042,-3.0140837267304192,-35.45980854976964,2018,4
1803,10.0,12.271863257743759,-2.2718632577437585,-22.718632577437585,2018,4
1804,8.2,12.207346379958489,-4.00734637995849,-48.87007780437183,2018,4
1805,9.5,12.01712640255096,-2.5171264025509608,-26.496067395273272,2018,4
1806,9.3,12.192694493374049,-2.892694493374048,-31.10424186423707,2018,4
1807,9.6,12.340375326708369,-2.740375326708369,-28.545576319878847,2018,4
1808,10.3,13.114269813467045,-2.8142698134670443,-27.323007897738293,2018,4
1809,7.4,12.941189504652298,-5.541189504652298,-74.88093925205807,2018,4
1810,9.7,13.059438708480783,-3.359438708480784,-34.63338874722458,2018,4
1811,9.4,13.104331222605682,-3.7043312226056813,-39.40777896389022,2018,4
1812,9.4,13.427533650835226,-4.027533650835226,-42.84610266845984,2018,4
1813,9.5,14.066358259298694,-4.566358259298694,-48.06692904524941,2018,4
1814,8.4,14.32929631930815,-5.9292963193081505,-70.58686094414465,2018,4
1815,10.0,14.839375541168664,-4.839375541168664,-48.39375541168664,2018,4
1816,9.4,15.723551956986649,-6.323551956986648,-67.2718293296452,2018,4
1817,9.5,16.490932483877398,-6.990932483877398,-73.58876298818313,2018,4
1818,9.2,15.9490075176736,-6.749007517673601,-73.3587773660174,2018,4
1819,9.5,13.90207738773556,-4.4020773877355595,-46.337656713005885,2018,4
1820,6.5,13.427286386539055,-6.9272863865390555,-106.57363671598547,2018,4
1821,9.5,14.493305280474736,-4.993305280474736,-52.56110821552355,2018,4
1822,10.1,13.558651794805893,-3.4586517948058937,-34.24407717629598,2018,4
1823,9.4,12.827299097831883,-3.4272990978318827,-36.46062870033918,2018,4
1824,9.2,12.67621581038355,-3.4762158103835503,-37.78495446069077,2018,4
1825,7.0,12.62904895244204,-5.629048952442041,-80.4149850348863,2018,4
1826,7.0,13.737468772554005,-6.737468772554005,-96.24955389362864,2019,4
1827,11.1,13.554342261530238,-2.454342261530238,-22.11119154531746,2019,4
1828,8.8,13.673018541308831,-4.873018541308831,-55.375210696691255,2019,4
1829,8.1,13.222902871792044,-5.122902871792045,-63.24571446656846,2019,4
1830,9.1,13.639569038891326,-4.539569038891326,-49.88537405375084,2019,4
1831,11.2,13.806231003506921,-2.606231003506922,-23.26991967416895,2019,4
1832,10.2,13.478324793279032,-3.278324793279033,-32.140439149794446,2019,4
1833,9.6,13.099430437216636,-3.4994304372166365,-36.4524003876733,2019,4
1834,10.6,12.433994171584622,-1.8339941715846226,-17.301831807402102,2019,4
1835,10.2,12.642626977908208,-2.4426269779082084,-23.947323312825574,2019,4
1836,10.6,12.280429474739181,-1.6804294747391815,-15.853108252256428,2019,4
1837,10.5,13.014512745518628,-2.514512745518628,-23.94774043351074,2019,4
1838,9.2,13.160392746176072,-3.9603927461760726,-43.04774724104427,2019,4
1839,9.9,13.30215448931894,-3.4021544893189404,-34.365196861807476,2019,4
1840,10.0,13.356216461529687,-3.3562164615296872,-33.56216461529687,2019,4
1841,9.8,13.302644506451802,-3.5026445064518015,-35.74127047399797,2019,4
1842,10.4,13.513895642822483,-3.1138956428224827,-29.941304257908484,2019,4
1843,11.3,13.48252997570377,-2.182529975703769,-19.31442456375017,2019,4
1844,9.5,13.191432531378211,-3.6914325313782115,-38.85718454082328,2019,4
1845,10.8,13.004173163289359,-2.204173163289358,-20.409010771197757,2019,4
1846,10.7,13.709156145990821,-3.009156145990822,-28.122954635428243,2019,4
1847,9.4,14.425612178130285,-5.0256121781302845,-53.46395934181154,2019,4
1848,11.1,13.946071746014322,-2.8460717460143226,-25.64028600012903,2019,4
1849,11.0,13.727836612671975,-2.7278366126719753,-24.798514660654323,2019,4
1850,11.5,13.637320083208945,-2.1373200832089445,-18.585392027903865,2019,4
1851,11.0,13.217631323098791,-2.217631323098791,-20.160284755443556,2019,4
1852,9.2,12.688951381843403,-3.4889513818434033,-37.92338458525439,2019,4
1853,11.0,12.01528374953135,-1.0152837495313491,-9.22985226846681,2019,4
1854,11.2,12.063753608438843,-0.8637536084388433,-7.712085789632529,2019,4
1855,10.5,12.157605677976493,-1.657605677976493,-15.786720742633268,2019,4
1856,10.6,13.175459915953752,-2.5754599159537523,-24.29679165994106,2019,4
1857,11.1,13.528266126864958,-2.4282661268649584,-21.876271413197824,2019,4
1858,11.2,13.72609041653036,-2.5260904165303604,-22.554378719021077,2019,4
1859,10.2,13.625194124916105,-3.4251941249161053,-33.580334558001034,2019,4
1860,10.9,14.217527647854558,-3.3175276478545577,-30.436033466555575,2019,4
1861,9.9,14.612390108960462,-4.712390108960461,-47.599900090509706,2019,4
1862,11.4,14.784916844511537,-3.3849168445115367,-29.692253022031025,2019,4
1863,11.5,15.118186919236749,-3.6181869192367486,-31.46249494988477,2019,4
1864,11.2,16.813955818406118,-5.613955818406119,-50.124605521483204,2019,4
1865,12.5,17.384205609126873,-4.884205609126873,-39.073644873014985,2019,4
1866,11.9,17.262148614077557,-5.362148614077556,-45.060072387206354,2019,4
1867,12.6,18.061708482922132,-5.461708482922132,-43.34689272160423,2019,4
1868,11.9,17.755465912766766,-5.855465912766766,-49.205595905603076,2019,4
1869,12.2,17.216876052117666,-5.0168760521176665,-41.1219348534235,2019,4
1870,13.4,16.072818932804633,-2.672818932804633,-19.94640994630323,2019,4
1871,12.7,14.946782525352095,-2.2467825253520957,-17.691200987024377,2019,4
1872,12.5,14.366072838290187,-1.8660728382901866,-14.928582706321492,2019,4
1873,8.0,13.860964627228077,-5.860964627228077,-73.26205784035096,2019,4
1874,13.3,14.329950345281723,-1.0299503452817227,-7.743987558509192,2019,4
1875,12.8,13.373823859354367,-0.5738238593543663,-4.4829989012059865,2019,4
1876,11.1,13.082168744389701,-1.9821687443897016,-17.8573760755829,2019,4
1877,7.3,13.269293010747239,-5.969293010747239,-81.77113713352384,2019,4
1878,10.1,14.247322860019079,-4.147322860019079,-41.06260257444633,2020,4
1879,12.4,14.082248883609006,-1.682248883609006,-13.566523254911338,2020,4
1880,12.5,13.905811696063278,-1.405811696063278,-11.246493568506224,2020,4
1881,11.9,13.524273759712914,-1.6242737597129135,-13.6493593253186,2020,4
1882,11.9,13.983335387293724,-2.083335387293724,-17.5070200612918,2020,4
1883,11.2,13.941734814775852,-2.741734814775853,-24.479775131927262,2020,4
1884,12.3,13.664163555686073,-1.3641635556860727,-11.090760615333924,2020,4
1885,10.8,13.172836434711346,-2.3728364347113455,-21.97070772880875,2020,4
1886,11.5,13.238277948037126,-1.7382779480371262,-15.115460417714141,2020,4
1887,11.4,12.497755213902348,-1.0977552139023476,-9.629431700897786,2020,4
1888,11.9,12.695962828573958,-0.7959628285739573,-6.688763265327371,2020,4
1889,11.7,12.46460724237324,-0.7646072423732413,-6.53510463566873,2020,4
1890,13.4,12.265451832044464,1.1345481679555363,8.46677737280251,2020,4
1891,12.8,13.298160324476402,-0.4981603244764017,-3.891877534971888,2020,4
1892,11.1,13.789400239892224,-2.6894002398922243,-24.22883099002004,2020,4
1893,11.9,14.076093334855326,-2.1760933348553255,-18.286498612229625,2020,4
1894,13.6,14.125440660903877,-0.5254406609038771,-3.8635342713520378,2020,4
1895,12.4,14.43144702922308,-2.031447029223079,-16.382637332444187,2020,4
1896,12.0,14.159328513049878,-2.1593285130498785,-17.994404275415654,2020,4
1897,12.4,13.111627813802444,-0.7116278138024441,-5.738933982277775,2020,4
1898,12.4,12.948973527065313,-0.5489735270653124,-4.427205863429939,2020,4
1899,11.5,12.374121268029658,-0.8741212680296577,-7.60105450460572,2020,4
1900,12.1,12.540359779503397,-0.4403597795033978,-3.639337020689238,2020,4
1901,12.6,11.701786715496702,0.8982132845032975,7.128676861137281,2020,4
1902,12.3,12.31377253459292,-0.013772534592918717,-0.11197182595868876,2020,4
1903,11.9,12.762838296859844,-0.8628382968598434,-7.250741990418852,2020,4
1904,9.8,13.109817466970537,-3.309817466970536,-33.773647622148324,2020,4
1905,11.5,12.39461342762014,-0.8946134276201398,-7.779247196696868,2020,4
1906,11.4,12.013194563792498,-0.6131945637924971,-5.378899682390326,2020,4
1907,10.5,12.017334901479368,-1.5173349014793676,-14.450808585517786,2020,4
1908,10.7,11.818889598287504,-1.1188895982875042,-10.456912133528078,2020,4
1909,10.7,12.52956764710017,-1.8295676471001698,-17.098763057010935,2020,4
1910,11.4,12.208436581688174,-0.8084365816881736,-7.091548962176961,2020,4
1911,12.2,12.89723728117417,-0.6972372811741714,-5.715059681755504,2020,4
1912,11.1,12.214275488686065,-1.114275488686065,-10.038517916090676,2020,4
1913,11.4,12.490199336449972,-1.090199336449972,-9.563152074122561,2020,4
1914,10.0,12.752204620525365,-2.752204620525365,-27.522046205253652,2020,4
1915,12.1,13.111450524760697,-1.011450524760697,-8.359095245956174,2020,4
1916,11.9,13.566754341710404,-1.6667543417104032,-14.006339005969773,2020,4
1917,12.1,15.351591976036579,-3.251591976036579,-26.872660958979992,2020,4
1918,11.4,15.714197842419175,-4.3141978424191745,-37.843840722975216,2020,4
1919,12.5,15.29316770830088,-2.7931677083008797,-22.345341666407037,2020,4
1920,12.4,14.332189083919065,-1.9321890839190647,-15.582170031605362,2020,4
1921,11.6,14.232477913800276,-2.632477913800276,-22.6937751189679,2020,4
1922,12.8,15.279708720198814,-2.479708720198813,-19.372724376553226,2020,4
1923,13.0,15.39803470709245,-2.3980347070924495,-18.446420823788074,2020,4
1924,13.0,15.279125220579116,-2.2791252205791164,-17.5317324659932,2020,4
1925,8.9,14.908899705641653,-6.008899705641653,-67.5157270296815,2020,4
1926,13.3,15.196586094952625,-1.8965860949526245,-14.260045826711462,2020,4
1927,13.5,15.336169186173738,-1.8361691861737377,-13.601253230916576,2020,4
1928,13.0,14.234105685507828,-1.2341056855078278,-9.493120657752522,2020,4
1929,7.7,13.14658124421197,-5.446581244211969,-70.73482135340218,2020,4
1930,8.8,9.553092266996728,-0.7530922669967275,-8.557866670417358,2021,4
1931,13.7,14.13408701717075,-0.43408701717075004,-3.1685183735091242,2021,4
1932,13.3,13.818959495774472,-0.518959495774471,-3.901951096048654,2021,4
1933,13.1,13.828519651913366,-0.7285196519133663,-5.561218716895926,2021,4
1934,13.0,13.74536934545527,-0.7453693454552699,-5.7336103496559225,2021,4
1935,11.9,13.58989952872265,-1.6898995287226501,-14.200836375820588,2021,4
1936,12.6,13.535586930710526,-0.9355869307105262,-7.425293100877192,2021,4
1937,10.9,13.262789556044545,-2.362789556044545,-21.67696840407839,2021,4
1938,13.3,13.458854255552591,-0.15885425555259047,-1.1943928988916577,2021,4
1939,13.7,12.859487594805127,0.8405124051948718,6.135127045218042,2021,4
1940,14.3,12.839748828234303,1.460251171765698,10.211546655704181,2021,4
1941,12.0,13.038761309581046,-1.0387613095810462,-8.656344246508718,2021,4
1942,12.9,13.319266621258908,-0.4192666212589078,-3.2501288469682774,2021,4
1943,10.7,13.741926135098321,-3.041926135098322,-28.42921621587217,2021,4
1944,12.1,13.994169028987898,-1.894169028987898,-15.654289495767754,2021,4
1945,13.0,14.19143969023612,-1.1914396902361197,-9.164920694123998,2021,4
1946,13.1,13.97053223503767,-0.8705322350376701,-6.645284236928779,2021,4
1947,11.9,13.626675505053765,-1.7266755050537643,-14.509878193729111,2021,4
1948,12.4,14.12546660495746,-1.7254666049574592,-13.915053265785962,2021,4
1949,12.6,13.625420125199653,-1.0254201251996538,-8.138254961902014,2021,4
1950,12.9,12.89397411122107,0.0060258887789306215,0.046712316115741254,2021,4
1951,12.9,13.648425762458581,-0.7484257624585808,-5.8017500965781466,2021,4
1952,11.1,14.206727076482533,-3.1067270764825334,-27.988532220563368,2021,4
1953,13.5,13.228676947326054,0.27132305267394585,2.0098003901773764,2021,4
1954,13.5,13.2169007646166,0.28309923538339987,2.0970313732103696,2021,4
1955,13.6,13.177101420512553,0.42289857948744647,3.109548378584165,2021,4
1956,12.7,12.432963062035977,0.26703693796402206,2.1026530548348195,2021,4
1957,11.6,12.664192611767348,-1.0641926117673481,-9.174074239373692,2021,4
1958,12.5,12.444951668718296,0.05504833128170361,0.4403866502536289,2021,4
1959,13.1,12.242763290695796,0.8572367093042033,6.543791674077888,2021,4
1960,13.7,12.772623465010007,0.9273765349899925,6.769171788248121,2021,4
1961,12.7,13.123545676352833,-0.423545676352834,-3.3350053256128662,2021,4
1962,14.5,12.941903413478729,1.5580965865212715,10.7454937001467,2021,4
1963,13.2,12.692306520788708,0.5076934792112908,3.8461627212976577,2021,4
1964,14.1,11.788899624124443,2.311100375875556,16.390782807628057,2021,4
1965,14.0,12.576039644312498,1.4239603556875018,10.17114539776787,2021,4
1966,12.3,11.983373321635023,0.3166266783649778,2.5742006371136408,2021,4
1967,13.6,13.148221863082561,0.4517781369174383,3.3218980655693993,2021,4
1968,14.9,13.711100282550625,1.1888997174493756,7.979192734559567,2021,4
1969,14.1,14.9953590900283,-0.8953590900283004,-6.350064468285818,2021,4
1970,15.1,15.549372626446292,-0.4493726264462925,-2.9759776585847186,2021,4
1971,14.7,15.070809045185776,-0.3708090451857764,-2.5225105114678668,2021,4
1972,15.7,16.347383438827055,-0.6473834388270561,-4.123461393802906,2021,4
1973,15.1,16.867458831364505,-1.7674588313645057,-11.705025373274871,2021,4
1974,15.6,16.54117126531691,-0.9411712653169086,-6.03314913664685,2021,4
1975,15.0,17.06121423654433,-2.0612142365443304,-13.741428243628869,2021,4
1976,15.9,16.06222611695712,-0.16222611695711997,-1.0202900437554716,2021,4
1977,9.9,14.450577236995507,-4.550577236995506,-45.96542663631825,2021,4
1978,15.6,15.574322287513985,0.025677712486015025,0.16460072106419887,2021,4
1979,15.1,15.368294471337679,-0.26829447133767914,-1.776784578395226,2021,4
1980,14.0,14.342350559893449,-0.34235055989344865,-2.4453611420960617,2021,4
1981,10.2,14.259378817592811,-4.059378817592812,-39.79783154502757,2021,4
1982,11.2,10.85141217421647,0.34858782578352887,3.112391301638651,2022,4
1983,14.1,15.113679226215341,-1.0136792262153413,-7.18921437032157,2022,4
1984,14.4,14.84705674303047,-0.44705674303046905,-3.1045607154893684,2022,4
1985,12.5,14.425808451737929,-1.9258084517379288,-15.40646761390343,2022,4
1986,15.4,14.304608127828871,1.0953918721711293,7.112934234877463,2022,4
1987,14.3,14.108403097645123,0.19159690235487759,1.339838478006137,2022,4
1988,15.1,14.17710831019204,0.92289168980796,6.111865495416954,2022,4
1989,15.4,13.952466018134189,1.4475339818658117,9.39957131081696,2022,4
1990,14.4,13.816256810407342,0.5837431895926581,4.053772149949015,2022,4
1991,14.3,13.626606416764549,0.6733935832354518,4.709046036611551,2022,4
1992,14.4,13.661636966044567,0.7383630339554337,5.127521069134956,2022,4
1993,14.0,13.482649600693055,0.5173503993069453,3.6953599950496088,2022,4
1994,14.3,14.162859754930771,0.1371402450692294,0.9590226927918138,2022,4
1995,15.0,14.46479963754732,0.5352003624526809,3.5680024163512054,2022,4
1996,14.4,13.773476959396735,0.6265230406032654,4.350854448633787,2022,4
1997,12.5,13.712955266775289,-1.212955266775289,-9.703642134202312,2022,4
1998,14.2,13.696125063544724,0.5038749364552757,3.548415045459688,2022,4
1999,14.4,13.33454791521432,1.0654520847856812,7.398972811011675,2022,4
2000,15.0,13.626416130454572,1.3735838695454277,9.157225796969518,2022,4
2001,14.2,13.70648791755244,0.49351208244755895,3.4754372003349223,2022,4
2002,14.9,13.697433024630659,1.2025669753693418,8.070919297780817,2022,4
2003,15.6,14.238181772946035,1.3618182270539645,8.729604019576696,2022,4
2004,12.1,14.839606448746594,-2.739606448746594,-22.641375609475983,2022,4
2005,14.0,14.964618904977003,-0.9646189049770033,-6.890135035550024,2022,4
2006,14.5,14.441447781518205,0.05855221848179504,0.4038084033227244,2022,4
2007,14.5,14.574367953204776,-0.07436795320477607,-0.5128824358950074,2022,4
2008,15.1,15.355533618934677,-0.2555336189346775,-1.6922756220839572,2022,4
2009,12.4,15.587129722969701,-3.1871297229697007,-25.70265905620726,2022,4
2010,15.5,14.0215515238357,1.4784484761642993,9.538377265576123,2022,4
2011,14.7,14.24211166680705,0.4578883331929493,3.1148866203601995,2022,4
2012,14.0,13.443955526008168,0.5560444739918324,3.971746242798803,2022,4
2013,13.4,12.799451005664025,0.6005489943359752,4.481708912955039,2022,4
2014,13.2,13.452255776259262,-0.252255776259263,-1.9110286080247199,2022,4
2015,14.0,13.426469877767573,0.5735301222324267,4.096643730231619,2022,4
2016,14.5,13.022886701657761,1.477113298342239,10.186988264429235,2022,4
2017,14.4,13.482117549536406,0.9178824504635941,6.374183683774959,2022,4
2018,13.0,13.264672045965533,-0.26467204596553273,-2.035938815119483,2022,4
2019,14.8,12.758164977192767,2.041835022807234,13.796182586535366,2022,4
2020,14.5,14.881533625982405,-0.3815336259824047,-2.63126638608555,2022,4
2021,13.0,16.126021587657362,-3.1260215876573625,-24.046319905056635,2022,4
2022,14.9,16.80954759925742,-1.9095475992574205,-12.815755699714233,2022,4
2023,14.8,17.56808157571617,-2.7680815757161703,-18.70325388997412,2022,4
2024,14.6,17.41727300909282,-2.817273009092821,-19.2963904732385,2022,4
2025,14.4,17.02615085287837,-2.6261508528783697,-18.237158700544235,2022,4
2026,14.3,17.511730446578586,-3.211730446578585,-22.459653472577514,2022,4
2027,14.0,16.63573403776216,-2.635734037762159,-18.826671698301137,2022,4
2028,14.9,15.372661084977908,-0.4726610849779078,-3.1722220468315956,2022,4
2029,10.9,15.264541128816878,-4.364541128816878,-40.041661732264934,2022,4
2030,14.7,16.19819340748892,-1.4981934074889196,-10.191791887679726,2022,4
2031,14.7,15.304937971532038,-0.6049379715320384,-4.115224296136316,2022,4
2032,13.7,13.783771128401611,-0.0837711284016116,-0.6114680905227124,2022,4
2033,12.2,13.440971653998343,-1.2409716539983435,-10.171898803265112,2022,4
2034,10.3,13.226565717912296,-2.926565717912295,-28.413259397206748,2022,4
2035,12.3,14.91812560955137,-2.6181256095513685,-21.285574061393238,2023,4
2036,15.6,14.390567800477415,1.2094321995225847,7.7527705097601585,2023,4
2037,14.1,14.073737529855306,0.02626247014469385,0.18625865350846701,2023,4
2038,13.3,14.20530096091765,-0.9053009609176499,-6.806774142237969,2023,4
2039,12.1,14.195403005935988,-2.0954030059359887,-17.317380214347015,2023,4
2040,13.2,14.06673594582091,-0.8667359458209098,-6.566181407734166,2023,4
2041,13.8,14.388846462180043,-0.588846462180042,-4.267003349130738,2023,4
2042,12.9,14.032167360913215,-1.1321673609132148,-8.776491169869882,2023,4
2043,13.0,13.286314885734136,-0.28631488573413577,-2.2024221979548906,2023,4
2044,13.3,13.566476814994422,-0.2664768149944212,-2.0035850751460242,2023,4
2045,13.6,13.693966451456568,-0.09396645145656812,-0.6909297901218244,2023,4
2046,13.8,13.859085958493818,-0.05908595849381726,-0.4281591195204149,2023,4
2047,13.5,14.549753237969686,-1.0497532379696857,-7.775949910886561,2023,4
2048,13.2,13.880862015220599,-0.6808620152205993,-5.158045569853025,2023,4
2049,13.3,13.725241795138608,-0.42524179513860716,-3.197306730365467,2023,4
2050,15.1,14.16917400455242,0.930825995447579,6.164410565878007,2023,4
2051,14.1,14.32397846386823,-0.22397846386822984,-1.5884997437463109,2023,4
2052,13.6,14.33430031231065,-0.7343003123106495,-5.399267002284188,2023,4
2053,14.6,13.890802630546947,0.7091973694530527,4.857516229130498,2023,4
2054,13.8,13.779549588761277,0.020450411238723376,0.14819138578785054,2023,4
2055,14.4,13.068464103160265,1.3315358968397355,9.246777061387052,2023,4
2056,12.2,13.660318078986638,-1.4603180789866386,-11.969820319562611,2023,4
2057,14.5,14.556153895103122,-0.05615389510312241,-0.38726824209049937,2023,4
2058,14.7,14.446879731000369,0.2531202689996306,1.7219065918342218,2023,4
2059,15.2,13.619244387422151,1.580755612577848,10.399707977485843,2023,4
2060,14.9,14.070732301924343,0.8292676980756575,5.565555020641996,2023,4
2061,10.3,13.968026882740975,-3.6680268827409748,-35.61191148292208,2023,4
2062,14.3,12.789648407830523,1.510351592169478,10.561899245940404,2023,4
2063,13.2,12.485364619863882,0.7146353801361176,5.413904394970588,2023,4
2064,12.5,12.577662612857978,-0.07766261285797782,-0.6213009028638226,2023,4
2065,13.6,13.563429500524006,0.03657049947599411,0.2689007314411332,2023,4
2066,13.1,14.224467100027205,-1.1244671000272053,-8.583718320818361,2023,4
2067,15.0,14.619186630126004,0.38081336987399617,2.5387557991599743,2023,4
2068,14.9,15.097316161806727,-0.19731616180672695,-1.3242695423270265,2023,4
2069,14.5,14.882546649633426,-0.3825466496334258,-2.6382527560925917,2023,4
2070,13.0,15.718925336145482,-2.7189253361454817,-20.914810278042168,2023,4
2071,14.8,16.499251504260155,-1.699251504260154,-11.481429082838877,2023,4
2072,14.3,16.11970162525396,-1.819701625253959,-12.725186190587126,2023,4
2073,15.1,16.298347310252048,-1.198347310252048,-7.936074902331444,2023,4
2074,15.0,16.899894192209832,-1.8998941922098318,-12.66596128139888,2023,4
2075,14.3,17.184291682179772,-2.8842916821797715,-20.169871903355045,2023,4
2076,14.2,17.48683693384658,-3.2868369338465797,-23.14673897075056,2023,4
2077,14.5,17.490780912390374,-2.990780912390374,-20.62607525786465,2023,4
2078,14.1,17.739272820594998,-3.6392728205949982,-25.81044553613474,2023,4
2079,14.4,16.55118128942489,-2.1511812894248887,-14.938758954339503,2023,4
2080,15.3,16.695760831164808,-1.3957608311648073,-9.122619811534689,2023,4
2081,10.3,16.512410559975237,-6.212410559975236,-60.314665630827534,2023,4
2082,14.3,16.518850356677472,-2.2188503566774713,-15.516436060681619,2023,4
2083,15.3,16.248563711808526,-0.9485637118085251,-6.1997628222779415,2023,4
2084,14.3,15.015118579684891,-0.7151185796848907,-5.000829228565669,2023,4
2085,13.7,14.037074874609544,-0.3370748746095451,-2.4604005445952195,2023,4
2086,8.1,13.510988919554405,-5.410988919554406,-66.80233234017786,2023,4
2087,9.8,14.753142424376875,-4.953142424376875,-50.542269636498716,2024,4
2088,14.1,14.276881632515279,-0.1768816325152791,-1.25447966322893,2024,4
2089,12.3,13.588966253680145,-1.2889662536801438,-10.479400436423933,2024,4
2090,13.3,13.23383566921372,0.0661643307862807,0.49747617132541877,2024,4
2091,13.4,13.866008780790022,-0.4660087807900215,-3.47767746858225,2024,4
2092,16.2,14.073510367358647,2.126489632641352,13.126479213835507,2024,4
2093,14.0,13.627076246679513,0.372923753320487,2.6637410951463356,2024,4
2094,14.2,14.081996380408723,0.11800361959127592,0.8310114055723657,2024,4
2095,14.0,13.296958194279771,0.703041805720229,5.021727183715922,2024,4
2096,13.6,13.061565824562656,0.5384341754373434,3.959074819392231,2024,4
2097,12.5,13.493360160090344,-0.9933601600903437,-7.946881280722749,2024,4
2098,13.5,13.680382094298082,-0.18038209429808205,-1.3361636614672745,2024,4
2099,12.8,13.49911806047401,-0.6991180604740102,-5.461859847453204,2024,4
2100,12.4,13.902259926187075,-1.5022599261870742,-12.114999404734467,2024,4
2101,12.6,14.163996446582134,-1.5639964465821343,-12.41267021096932,2024,4
2102,11.8,13.4445038969738,-1.6445038969737986,-13.936473703167785,2024,4
2103,11.3,13.596721664351197,-2.296721664351196,-20.324970480984035,2024,4
2104,11.4,13.108997728086212,-1.7089977280862119,-14.991208141107121,2024,4
2105,12.0,13.359844874734922,-1.3598448747349217,-11.332040622791013,2024,4
2106,11.1,13.678717969823795,-2.5787179698237956,-23.231693421836,2024,4
2107,12.1,12.917679268683269,-0.8176792686832695,-6.757679906473301,2024,4
2108,10.1,14.387013493965,-4.287013493965,-42.44567815806931,2024,4
2109,12.7,14.055426487449115,-1.3554264874491153,-10.67264950747335,2024,4
2110,13.1,14.182829781004207,-1.0828297810042073,-8.265876190871813,2024,4
2111,12.5,14.421126475630576,-1.921126475630576,-15.369011805044607,2024,4
2112,14.1,14.422714440511125,-0.32271444051112574,-2.288754897242027,2024,4
2113,8.4,14.510086012133693,-6.110086012133692,-72.73911919206776,2024,4
2114,12.5,14.620600660198331,-2.120600660198331,-16.96480528158665,2024,4
2115,13.4,14.78731343087242,-1.3873134308724193,-10.353085305018055,2024,4
2116,11.4,13.556023344069885,-2.156023344069885,-18.912485474297235,2024,4
2117,10.9,13.318082806856921,-2.418082806856921,-22.184245934467164,2024,4
2118,11.1,12.596557227204721,-1.4965572272047218,-13.482497542384882,2024,4
2119,12.5,13.077173628341656,-0.5771736283416562,-4.61738902673325,2024,4
2120,13.3,14.534841165126608,-1.234841165126607,-9.284520038545917,2024,4
2121,14.4,14.873001289926185,-0.4730012899261844,-3.284731180042947,2024,4
2122,10.9,14.924422533454432,-4.024422533454432,-36.921307646370934,2024,4
2123,12.6,15.276271668357028,-2.6762716683570282,-21.24025133616689,2024,4
2124,12.7,15.804789073086615,-3.104789073086616,-24.447158055800127,2024,4
2125,10.9,15.357856458140443,-4.4578564581404425,-40.89776567101323,2024,4
2126,9.8,15.016421637178247,-5.216421637178247,-53.22879221610455,2024,4
2127,10.5,15.44631158911114,-4.94631158911114,-47.10772942010609,2024,4
2128,11.9,16.705220653681412,-4.8052206536814115,-40.380005493121104,2024,4
2129,11.7,17.20768481510048,-5.5076848151004825,-47.074229188893014,2024,4
2130,11.8,17.78685143266074,-5.986851432660739,-50.73602909034525,2024,4
2131,12.0,15.99127242983048,-3.991272429830479,-33.26060358192066,2024,4
2132,12.0,15.756534297626914,-3.7565342976269136,-31.30445248022428,2024,4
2133,11.0,16.743305049870294,-5.743305049870294,-52.21186408972994,2024,4
2134,7.5,16.14278522246147,-8.64278522246147,-115.23713629948627,2024,4
2135,9.5,16.51223603567702,-7.01223603567702,-73.81301090186338,2024,4
2136,10.1,14.879544676443347,-4.779544676443347,-47.32222451924106,2024,4
2137,10.9,14.12292244751539,-3.222922447515389,-29.568095848765036,2024,4
2138,5.7,13.575207197711647,-7.875207197711647,-138.16152978441485,2024,4
2139,6.300000000000001,14.697760031416625,-8.397760031416624,-133.29777827645432,2025,4
2140,10.5,14.247968474280317,-3.7479684742803165,-35.694937850288724,2025,4
2141,10.5,13.985182639033956,-3.4851826390339564,-33.1922156098472,2025,4
2142,9.7,13.768435085383613,-4.068435085383614,-41.94262974622283,2025,4
2143,11.0,14.08047976989415,-3.0804797698941506,-28.00436154449228,2025,4
2144,10.8,14.325880396223361,-3.5258803962233607,-32.64704070577186,2025,4
2145,10.5,13.928091318222224,-3.428091318222224,-32.648488744973555,2025,4
2146,9.2,13.537983083908049,-4.33798308390805,-47.1519900424788,2025,4
2147,10.2,13.810675039848029,-3.6106750398480294,-35.39877490047088,2025,4
2148,10.7,14.32044884727198,-3.6204488472719802,-33.83597053525215,2025,4
2149,11.6,13.64245514114472,-2.042455141144721,-17.60737190642001,2025,4
2150,11.0,14.008823078482735,-3.0088230784827346,-27.35293707711577,2025,4
2151,10.6,14.343066106340045,-3.743066106340045,-35.31194439943439,2025,4
2152,9.5,13.828515051636309,-4.328515051636309,-45.56331633301377,2025,4
2153,9.4,14.167949272722888,-4.767949272722888,-50.72286460343497,2025,4
2154,9.1,14.23491002109451,-5.134910021094511,-56.42758264939023,2025,4
2155,9.3,14.453583120258472,-5.153583120258471,-55.41487226084377,2025,4
2156,9.4,14.5875996154715,-5.1875996154715,-55.18722995182447,2025,4
2157,9.2,14.246204391434532,-5.046204391434532,-54.85004773298405,2025,4
2158,9.2,14.671714178633847,-5.471714178633848,-59.475154115585305,2025,4
2159,10.3,14.355859380990507,-4.055859380990507,-39.37727554359715,2025,4
2160,8.8,14.005179599700838,-5.205179599700838,-59.149768178418604,2025,4
2161,10.4,13.444118644721515,-3.0441186447215145,-29.270371583860715,2025,4
2162,10.3,12.82086593901149,-2.5208659390114896,-24.47442659234456,2025,4
2163,9.3,12.096014773471598,-2.7960147734715974,-30.06467498356556,2025,4
2164,9.2,11.933870888395086,-2.733870888395087,-29.715987917337905,2025,4
2165,6.699999999999999,12.767834566498113,-6.067834566498114,-90.56469502235991,2025,4
2166,8.2,12.3995854628491,-4.1995854628491,-51.21445686401343,2025,4
2167,8.7,11.786857330395595,-3.0868573303955955,-35.48111874017926,2025,4
2168,9.7,11.63171990005598,-1.931719900055981,-19.914638144907023,2025,4
2169,8.7,12.388286083730655,-3.688286083730656,-42.39409291644433,2025,4
2170,8.9,12.913105118433142,-4.013105118433142,-45.091068746439795,2025,4
2171,9.0,13.12338421236991,-4.12338421236991,-45.81538013744344,2025,4
2172,8.8,13.016753258770223,-4.216753258770222,-47.917650667843425,2025,4
2173,9.7,13.151650623602197,-3.451650623602198,-35.584027047445346,2025,4
2174,8.5,15.233518872920829,-6.733518872920829,-79.21786909318622,2025,4
2175,9.7,15.710807945213604,-6.010807945213605,-61.96709221869696,2025,4
2176,9.5,16.736761646510235,-7.236761646510235,-76.17643838431827,2025,4
2177,10.6,17.1935103942738,-6.593510394273801,-62.202928247866055,2025,4
2178,11.1,16.845824308540454,-5.745824308540454,-51.76418295982391,2025,4
2179,10.3,16.947148523715157,-6.647148523715156,-64.53542256034132,2025,4
2180,11.1,17.348504027289565,-6.248504027289565,-56.29282907468076,2025,4
2181,10.4,17.873577241029185,-7.473577241029185,-71.86131962528061,2025,4
2182,10.2,17.454535432070987,-7.254535432070988,-71.12289639285282,2025,4
2183,10.1,17.163451977947183,-7.063451977947183,-69.93516809848697,2025,4
2184,11.1,17.55073008966091,-6.45073008966091,-58.11468549244063,2025,4
2185,10.8,15.943862185133476,-5.143862185133475,-47.62835356605069,2025,4
2186,7.800000000000001,14.648728185699957,-6.848728185699956,-87.80420750897379,2025,4
2187,9.1,15.313181049836098,-6.213181049836098,-68.27671483336371,2025,4
2188,10.1,14.88264335095172,-4.782643350951721,-47.35290446486853,2025,4
2189,10.5,14.993642512785723,-4.493642512785723,-42.79659535986403,2025,4
2190,6.0,14.124462533166767,-8.124462533166767,-135.40770888611277,2025,4
3860,14.4,12.521780459680926,1.8782195403190745,13.043191252215793,2016,6
3861,21.0,17.457938865019145,3.5420611349808553,16.86695778562312,2016,6
3862,21.9,17.43939730506244,4.46060269493756,20.368048835331322,2016,6
3863,20.6,17.170087053689425,3.4299129463105764,16.650062846167845,2016,6
3864,19.3,16.852105235223547,2.4478947647764535,12.683392563608567,2016,6
3865,19.6,17.442997846920395,2.157002153079606,11.005113025916359,2016,6
3866,17.2,17.75955402227204,-0.5595540222720423,-3.2532210597211764,2016,6
3867,18.9,18.26212290127889,0.6378770987211091,3.375011104344493,2016,6
3868,17.8,18.337225949714153,-0.537225949714152,-3.0181233130008542,2016,6
3869,17.0,17.379690911399674,-0.37969091139967404,-2.2334759494098475,2016,6
3870,17.4,18.16043067227596,-0.7604306722759624,-4.370291219976796,2016,6
3871,16.3,17.528741626016153,-1.228741626016152,-7.5382921841481725,2016,6
3872,17.0,17.620425646631485,-0.6204256466314853,-3.649562627244031,2016,6
3873,17.1,18.080507377214076,-0.9805073772140744,-5.733961270257745,2016,6
3874,16.8,17.64291413184717,-0.84291413184717,-5.0173460228998215,2016,6
3875,19.4,18.373624833209178,1.026375166790821,5.290593643251655,2016,6
3876,17.9,17.28903763233071,0.6109623676692877,3.413197584744624,2016,6
3877,19.3,17.266945004222702,2.0330549957772988,10.533963708690667,2016,6
3878,17.3,18.239194686431635,-0.9391946864316338,-5.428871019836033,2016,6
3879,18.8,16.747194626172103,2.0528053738278977,10.919177520361158,2016,6
3880,16.7,17.033310627421415,-0.33331062742141526,-1.9958720204875164,2016,6
3881,19.5,16.56667009204776,2.9333299079522384,15.042717476678144,2016,6
3882,15.6,16.801765851901987,-1.2017658519019871,-7.70362725578197,2016,6
3883,17.3,16.26044402576415,1.0395559742358493,6.008994070727453,2016,6
3884,18.7,16.064049211053288,2.6359507889467118,14.095993523779207,2016,6
3885,16.6,16.555602521644776,0.04439747835522567,0.2674546888869016,2016,6
3886,19.1,16.599783907401108,2.500216092598894,13.09013661046541,2016,6
3887,15.2,17.210109137044903,-2.0101091370449033,-13.22440221740068,2016,6
3888,18.6,17.391854165286873,1.2081458347131289,6.495407713511445,2016,6
3889,18.6,17.809950749157302,0.7900492508426993,4.247576617433866,2016,6
3890,15.9,17.909870597655146,-2.009870597655146,-12.640695582736766,2016,6
3891,17.1,19.24703591407595,-2.14703591407595,-12.555765579391517,2016,6
3892,17.4,18.50494634042846,-1.1049463404284623,-6.350266324301508,2016,6
3893,18.7,17.331828536713015,1.3681714632869841,7.316424937363551,2016,6
3894,18.8,16.99504574543911,1.80495425456089,9.600820502983458,2016,6
3895,19.6,16.982557746767583,2.6174422532324186,13.35429721036948,2016,6
3896,17.0,16.3656310992143,0.6343689007856987,3.7315817693276396,2016,6
3897,19.6,16.932642324390272,2.667357675609729,13.608967732702698,2016,6
3898,19.7,17.052753297654586,2.647246702345413,13.437800519519863,2016,6
3899,19.2,18.057858381266122,1.142141618733877,5.948654264238944,2016,6
3900,20.6,18.259394864984667,2.340605135015334,11.362160849589,2016,6
3901,20.7,20.019460032857346,0.6805399671426535,3.287632691510404,2016,6
3902,21.7,20.013017930147996,1.6869820698520037,7.774110920976976,2016,6
3903,21.5,19.8613913256437,1.6386086743562984,7.621435694680458,2016,6
3904,21.7,19.802725897396513,1.897274102603486,8.743198629509152,2016,6
3905,21.8,19.94079993701779,1.859200062982211,8.5284406558817,2016,6
3906,20.8,20.7038798146216,0.09612018537839973,0.46211627585769094,2016,6
3907,17.7,20.438394301724415,-2.7383943017244157,-15.471154247030597,2016,6
3908,19.6,19.675308654295613,-0.07530865429561118,-0.38422782803883254,2016,6
3909,21.2,17.976781635525164,3.2232183644748353,15.20386020978696,2016,6
3910,21.8,17.669020014079454,4.130979985920547,18.949449476699755,2016,6
3911,18.1,16.650354852738904,1.4496451472610978,8.00908921138728,2016,6
3912,18.3,16.071041818081046,2.228958181918955,12.180099354748387,2016,6
3913,21.1,17.255892756946484,3.844107243053518,18.21851773959013,2017,6
3914,20.7,17.494680719215452,3.205319280784547,15.484634206688632,2017,6
3915,20.8,17.637774754889673,3.162225245110328,15.203005986107346,2017,6
3916,20.9,17.66943962931315,3.230560370686849,15.457226654004064,2017,6
3917,21.1,18.007875233053177,3.0921247669468244,14.654619748563146,2017,6
3918,20.7,18.307956815829506,2.392043184170493,11.555764174736682,2017,6
3919,20.1,18.112302102665367,1.987697897334634,9.889044265346438,2017,6
3920,18.8,18.269454250830172,0.5305457491698284,2.8220518572863216,2017,6
3921,20.4,18.081291266155272,2.3187087338447263,11.366219283552581,2017,6
3922,21.0,17.966224525768162,3.033775474231838,14.446549877294467,2017,6
3923,20.1,17.345645155359495,2.754354844640506,13.703257933534857,2017,6
3924,19.8,17.478719878312816,2.3212801216871846,11.723636978218103,2017,6
3925,19.8,17.708245454062443,2.091754545937558,10.564416898674537,2017,6
3926,19.5,18.061618945703646,1.4383810542963538,7.37631309895566,2017,6
3927,18.2,18.199188472586382,0.0008115274136173412,0.0044589418330623146,2017,6
3928,20.8,18.441953939341907,2.3580460606580935,11.336759907010064,2017,6
3929,20.6,17.716814716912044,2.8831852830879576,13.996045063533774,2017,6
3930,21.2,18.10708878958389,3.0929112104161085,14.589203822717495,2017,6
3931,20.1,18.224505040718785,1.875494959281216,9.330820692941373,2017,6
3932,21.1,17.587958261758853,3.512041738241148,16.644747574602597,2017,6
3933,19.3,17.580065193453713,1.7199348065462878,8.911579308529989,2017,6
3934,18.2,17.621995388449797,0.5780046115502024,3.1758495140121017,2017,6
3935,21.7,17.640856929748956,4.059143070251043,18.705728434336606,2017,6
3936,21.8,18.05816939722846,3.7418306027715396,17.1643605631722,2017,6
3937,20.1,17.250090907597283,2.8499090924027186,14.178652201008548,2017,6
3938,21.4,17.69646359203256,3.7035364079674373,17.306244897044103,2017,6
3939,16.6,18.287495032034357,-1.6874950320343558,-10.165632723098527,2017,6
3940,21.4,17.78943197107895,3.6105680289210476,16.871813219257234,2017,6
3941,20.8,17.389872383056524,3.410127616943477,16.394844312228255,2017,6
3942,19.9,17.526785289113676,2.373214710886323,11.925702064755393,2017,6
3943,21.6,18.11883688525085,3.481163114749151,16.11649590161644,2017,6
3944,21.1,17.915598565360835,3.1844014346391667,15.09194992719984,2017,6
3945,21.2,17.68243440303023,3.517565596969771,16.592290551744203,2017,6
3946,22.7,16.775150013538227,5.924849986461773,26.100660733311777,2017,6
3947,21.4,16.94872425117331,4.4512757488266885,20.800353966479854,2017,6
3948,18.3,17.724051165656828,0.5759488343431727,3.1472613898534023,2017,6
3949,22.9,19.33698040658666,3.563019593413337,15.559037525822433,2017,6
3950,23.3,18.801346669737672,4.498653330262329,19.3075250225851,2017,6
3951,21.3,18.810430185209942,2.489569814790059,11.688121196197459,2017,6
3952,22.7,18.651858007151915,4.048141992848084,17.833224638097285,2017,6
3953,22.5,19.847602493638256,2.652397506361744,11.788433361607751,2017,6
3954,22.2,19.371813182458165,2.828186817541834,12.73958025919745,2017,6
3955,22.0,19.11421224822133,2.8857877517786683,13.1172170535394,2017,6
3956,22.9,20.38555791970508,2.51444208029492,10.980096420501834,2017,6
3957,22.0,19.74833585236,2.2516641476399997,10.234837034727272,2017,6
3958,22.1,19.078170504548726,3.021829495451275,13.673436631001243,2017,6
3959,19.2,18.930214718096607,0.2697852819033919,1.4051316765801662,2017,6
3960,21.1,19.87486090255034,1.225139097449663,5.806346433410725,2017,6
3961,22.0,18.782225222004538,3.217774777995462,14.626248990888465,2017,6
3962,19.3,18.510397958161803,0.7896020418381973,4.091202289317084,2017,6
3963,19.8,18.084590140228347,1.715409859771654,8.6636861604629,2017,6
3964,15.8,16.96162897800219,-1.161628978002188,-7.352082139254354,2017,6
3965,18.7,17.519742249011728,1.1802577509882717,6.311538775338351,2018,6
3966,23.2,17.391789989619593,5.808210010380407,25.035387975777617,2018,6
3967,22.5,17.05670879672451,5.443291203275489,24.192405347891064,2018,6
3968,21.9,17.14287890779974,4.757121092200258,21.722014119635883,2018,6
3969,22.0,17.857440470905928,4.142559529094072,18.82981604133669,2018,6
3970,21.8,17.65151710256773,4.14848289743227,19.029738061615916,2018,6
3971,21.8,17.292137947232206,4.507862052767795,20.678266297099977,2018,6
3972,19.8,17.377633777775074,2.4223662222249267,12.234172839519832,2018,6
3973,21.3,16.80344588950087,4.49655411049913,21.11058267839967,2018,6
3974,21.7,17.216876880651768,4.483123119348232,20.65955354538356,2018,6
3975,21.9,17.25538718011009,4.6446128198899075,21.208277716392274,2018,6
3976,22.1,17.085530734940683,5.014469265059319,22.689906176738997,2018,6
3977,20.5,17.482398327180963,3.017601672819037,14.720008160092862,2018,6
3978,20.3,17.465116680707467,2.8348833192925333,13.96494245956913,2018,6
3979,20.7,17.779615973473703,2.920384026526296,14.10813539384684,2018,6
3980,22.8,18.36761424543868,4.43238575456132,19.44028839719877,2018,6
3981,20.8,17.91720411092132,2.8827958890786824,13.85959562057059,2018,6
3982,23.1,17.48357596594149,5.616424034058511,24.313523956963248,2018,6
3983,23.3,17.78838411793354,5.511615882066462,23.65500378569297,2018,6
3984,22.7,17.96375882904592,4.736241170954081,20.864498550458507,2018,6
3985,22.2,17.564022071430067,4.6359779285699325,20.882783462026726,2018,6
3986,19.1,19.218684895457745,-0.11868489545774352,-0.6213868872133168,2018,6
3987,22.6,19.84634259503398,2.7536574049660203,12.184324800734602,2018,6
3988,21.4,19.175822073268996,2.2241779267310022,10.393354797808422,2018,6
3989,22.7,18.816738072901597,3.8832619270984026,17.106880736116313,2018,6
3990,22.5,18.596984101884537,3.903015898115463,17.346737324957612,2018,6
3991,19.2,18.046867374592857,1.1531326254071423,6.0058990906622,2018,6
3992,22.9,17.544450459624493,5.355549540375506,23.386679215613565,2018,6
3993,23.1,18.551084995606818,4.548915004393184,19.692272746290836,2018,6
3994,21.4,18.556932558468944,2.843067441531055,13.285361876313342,2018,6
3995,20.0,19.25975500490607,0.7402449950939314,3.7012249754696565,2018,6
3996,22.9,19.858098827080205,3.0419011729197933,13.283411235457615,2018,6
3997,23.1,19.61496467171274,3.4850353282872604,15.086733022888572,2018,6
3998,22.3,19.007958813510452,3.2920411864895485,14.762516531343268,2018,6
3999,21.6,18.62911130384805,2.9708886961519525,13.754114334036815,2018,6
4000,18.6,17.663755260927623,0.9362447390723787,5.0335738659805305,2018,6
4001,21.7,17.323690465174515,4.376309534825484,20.16732504527873,2018,6
4002,20.7,17.695945828224545,3.0040541717754543,14.51233899408432,2018,6
4003,20.7,17.41411174545966,3.285888254540339,15.873856302127242,2018,6
4004,21.8,17.575224043724994,4.224775956275007,19.379706221444984,2018,6
4005,23.3,18.40913680171917,4.8908631982808295,20.99082917717094,2018,6
4006,22.9,18.220731571473763,4.679268428526235,20.433486587450812,2018,6
4007,22.0,19.22194112150436,2.7780588784956386,12.627540356798358,2018,6
4008,23.4,19.54352579407528,3.8564742059247195,16.480658999678287,2018,6
4009,23.3,17.48460903055077,5.815390969449229,24.95875952553317,2018,6
4010,21.5,16.317155593896846,5.182844406103154,24.106253051642575,2018,6
4011,18.4,16.78331246218266,1.616687537817338,8.786345314224665,2018,6
4012,21.8,18.09841101049626,3.7015889895037404,16.979766006897894,2018,6
4013,22.5,16.907042013905052,5.592957986094948,24.85759104931088,2018,6
4014,21.3,15.957570613820433,5.3424293861795675,25.08182810412942,2018,6
4015,21.2,16.284948887026953,4.915051112973046,23.184203363080407,2018,6
4016,15.3,16.019288291206188,-0.7192882912061869,-4.701230661478345,2018,6
4017,19.1,16.59682186494077,2.5031781350592297,13.105644686173976,2019,6
4018,21.2,16.86093260628933,4.339067393710668,20.46729902693711,2019,6
4019,22.9,17.009362979318396,5.890637020681602,25.72330576716857,2019,6
4020,22.9,16.559165568037614,6.340834431962385,27.689233327346663,2019,6
4021,19.8,16.998732935142097,2.801267064857903,14.147813458878296,2019,6
4022,20.7,17.02785701894129,3.672142981058709,17.739821164534828,2019,6
4023,21.9,16.961296810611323,4.938703189388676,22.551156115930027,2019,6
4024,20.5,17.04978047115454,3.4502195288454587,16.830339165099797,2019,6
4025,21.2,15.913511278733653,5.2864887212663465,24.936267553143146,2019,6
4026,21.3,16.396977425418655,4.903022574581346,23.018885326672986,2019,6
4027,22.4,16.015164696554372,6.384835303445627,28.503729033239406,2019,6
4028,23.2,16.526804377581826,6.673195622418174,28.763774234561097,2019,6
4029,22.6,17.050602369003308,5.549397630996694,24.554856774321653,2019,6
4030,22.4,16.875327151361112,5.524672848638886,24.663718074280744,2019,6
4031,21.6,16.830116657224263,4.7698833427757386,22.082793253591383,2019,6
4032,19.9,17.40511913200148,2.4948808679985177,12.537089788937275,2019,6
4033,19.2,17.56379822149749,1.6362017785025103,8.521884263033908,2019,6
4034,20.8,17.34058644992016,3.459413550079841,16.631795913845387,2019,6
4035,18.0,17.46619077251066,0.5338092274893391,2.9656068193852176,2019,6
4036,20.3,16.825854889044138,3.474145110955863,17.11401532490573,2019,6
4037,20.5,16.32877920182664,4.1712207981733584,20.347418527674918,2019,6
4038,17.6,16.21545895702124,1.3845410429787606,7.86671047147023,2019,6
4039,20.5,15.867627615707399,4.6323723842926015,22.59693845996391,2019,6
4040,19.4,16.705084908305036,2.6949150916949627,13.891314905644139,2019,6
4041,20.3,16.473863768985876,3.826136231014125,18.847961729133623,2019,6
4042,20.5,16.602941156024745,3.8970588439752554,19.01004314134271,2019,6
4043,17.0,16.18828297717739,0.8117170228226094,4.774806016603585,2019,6
4044,19.6,16.39650142712343,3.2034985728765726,16.344380473860063,2019,6
4045,19.8,16.904446938976143,2.8955530610238576,14.624005358706352,2019,6
4046,19.3,17.111008176143542,2.1889918238564583,11.341926548479059,2019,6
4047,20.5,18.017702818230685,2.482297181769315,12.108766740338123,2019,6
4048,18.4,18.34345995321429,0.05654004678570956,0.30728286296581286,2019,6
4049,20.1,19.375741611271515,0.7242583887284866,3.603275565813366,2019,6
4050,19.9,20.093720639916462,-0.1937206399164637,-0.9734705523440388,2019,6
4051,20.2,20.00320594601837,0.1967940539816304,0.9742279900080715,2019,6
4052,18.8,19.982066272764676,-1.1820662727646756,-6.287586557258912,2019,6
4053,21.7,19.460447116066955,2.239552883933044,10.320520202456423,2019,6
4054,20.9,18.933173897660314,1.9668261023396845,9.41065120736691,2019,6
4055,21.2,18.53934456453379,2.660655435466211,12.550261488048164,2019,6
4056,22.3,19.039713927749595,3.2602860722504055,14.6201169159211,2019,6
4057,19.4,19.23839702344735,0.161602976552647,0.8330050337765309,2019,6
4058,22.0,19.62892969563755,2.3710703043624513,10.777592292556596,2019,6
4059,22.0,20.289423579090325,1.7105764209096748,7.775347367771249,2019,6
4060,22.2,20.166340755204704,2.0336592447952953,9.160627228807638,2019,6
4061,21.3,19.357562473648812,1.9424375263511884,9.119425006343606,2019,6
4062,21.4,18.93176447452545,2.4682355254745474,11.533810866703494,2019,6
4063,22.5,17.724188568891147,4.775811431108853,21.22582858270601,2019,6
4064,18.3,16.489950574871752,1.8100494251282484,9.890980465181686,2019,6
4065,21.6,17.55603920160222,4.04396079839778,18.722040733323055,2019,6
4066,22.5,17.332479020389783,5.167520979610217,22.96675990937874,2019,6
4067,22.3,17.017617338267467,5.282382661732534,23.68781462660329,2019,6
4068,15.6,16.956367434116533,-1.3563674341165335,-8.694663039208548,2019,6
4069,18.4,18.26948923062481,0.13051076937518857,0.709297659647764,2020,6
4070,22.7,17.88929342608744,4.810706573912558,21.192539973183074,2020,6
4071,21.5,17.55793258366456,3.9420674163354406,18.33519728528112,2020,6
4072,20.5,17.371429239940237,3.1285707600597625,15.26132078077933,2020,6
4073,19.7,17.787312851925662,1.9126871480743368,9.709071817636229,2020,6
4074,20.7,17.739841350402862,2.960158649597137,14.300283331387135,2020,6
4075,18.3,17.245158504809933,1.0548414951900682,5.764161175902012,2020,6
4076,21.4,16.882041335591037,4.517958664408962,21.111956375742814,2020,6
4077,18.9,17.439457048559326,1.4605429514406723,7.727740483813081,2020,6
4078,21.0,16.752172526410284,4.247827473589716,20.227749874236743,2020,6
4079,20.6,16.3194722783817,4.280527721618302,20.779260784554864,2020,6
4080,21.4,16.32954884015647,5.070451159843529,23.693697008614624,2020,6
4081,18.5,16.4645282036023,2.035471796397701,11.002550250798384,2020,6
4082,20.9,17.53524846140254,3.36475153859746,16.099289658361055,2020,6
4083,19.6,17.136472365272006,2.4635276347279955,12.56901854453059,2020,6
4084,22.4,17.66849007588972,4.731509924110277,21.122812161206596,2020,6
4085,22.6,18.045459565661332,4.554540434338669,20.152833780259595,2020,6
4086,23.2,17.85972627471756,5.34027372528244,23.01842122966569,2020,6
4087,23.9,17.423749226006485,6.476250773993513,27.09728357319462,2020,6
4088,22.3,16.496038491035506,5.803961508964495,26.02673322405603,2020,6
4089,23.5,17.994533631461834,5.5054663685381655,23.427516461864535,2020,6
4090,19.2,17.978986693006924,1.2210133069930755,6.359444307255602,2020,6
4091,22.4,17.74220514525228,4.657794854747717,20.793727030123737,2020,6
4092,22.6,17.6182178935631,4.981782106436903,22.04328365680045,2020,6
4093,21.6,17.74693632129431,3.8530636787056913,17.838257771785607,2020,6
4094,21.0,17.550265704382287,3.449734295617713,16.427306169608155,2020,6
4095,17.9,17.12502142667201,0.7749785733279886,4.32948923646921,2020,6
4096,21.0,17.678643914380846,3.321356085619154,15.815981360091211,2020,6
4097,21.6,18.604507020047937,2.995492979952065,13.868023055333634,2020,6
4098,20.7,18.534093441368114,2.1659065586318853,10.463316708366596,2020,6
4099,20.7,18.459946540033883,2.2400534599661164,10.82151429935322,2020,6
4100,21.4,18.704316142011173,2.6956838579888256,12.596653542003859,2020,6
4101,20.6,18.88903574915168,1.7109642508483205,8.305651703147186,2020,6
4102,22.3,19.0358280435279,3.264171956472101,14.637542405704487,2020,6
4103,22.8,19.969913495416392,2.8300865045836083,12.412660107822843,2020,6
4104,22.3,19.535556451141016,2.764443548858985,12.396607842416971,2020,6
4105,18.2,19.086046998311176,-0.8860469983111763,-4.868390100610859,2020,6
4106,22.5,18.389018140871087,4.110981859128913,18.271030485017388,2020,6
4107,22.9,18.813697100373574,4.086302899626425,17.844117465617575,2020,6
4108,24.1,19.259192511353714,4.840807488646288,20.08633812716302,2020,6
4109,22.4,19.95254970095552,2.4474502990444797,10.92611740644857,2020,6
4110,21.8,20.806831101511285,0.9931688984887153,4.555820635269336,2020,6
4111,21.5,19.663293236495786,1.836706763504214,8.542822155833553,2020,6
4112,22.9,20.07071958144422,2.829280418555779,12.354936325571089,2020,6
4113,23.1,20.51176752443687,2.5882324755631316,11.204469591182388,2020,6
4114,23.5,20.41067060121417,3.0893293987858286,13.1460825480248,2020,6
4115,22.1,18.709918714921724,3.3900812850782778,15.339734321621165,2020,6
4116,19.3,17.38913262505322,1.910867374946779,9.900867227703518,2020,6
4117,22.5,19.025393109403534,3.4746068905964655,15.442697291539847,2020,6
4118,21.6,19.059887545540423,2.540112454459578,11.759779881757305,2020,6
4119,22.5,18.27648099403789,4.22351900596211,18.771195582053824,2020,6
4120,15.1,16.73878396047387,-1.6387839604738712,-10.85287391042299,2020,6
4121,17.9,13.251697364069898,4.648302635930101,25.968171150447496,2021,6
4122,23.2,17.74438122331296,5.455618776687039,23.51559817537517,2021,6
4123,22.6,17.453040824626214,5.146959175373787,22.774155643246846,2021,6
4124,23.2,17.51900517936659,5.680994820633408,24.487046640661244,2021,6
4125,22.5,17.15088282024483,5.349117179755169,23.773854132245194,2021,6
4126,22.2,17.604023418959937,4.595976581040063,20.702597211892172,2021,6
4127,22.1,17.289554388806604,4.810445611193398,21.76672222259456,2021,6
4128,4.6,16.51685288097859,-11.91685288097859,-259.06201915170845,2021,6
4129,24.9,17.203152112748512,7.6968478872514865,30.91103569177304,2021,6
4130,25.1,17.162640291671806,7.937359708328195,31.62294704513225,2021,6
4131,23.2,16.343611858041413,6.856388141958586,29.553397163614598,2021,6
4132,19.4,16.514093575819114,2.8859064241808845,14.875806310210745,2021,6
4133,22.9,17.51417895489927,5.38582104510073,23.518869192579608,2021,6
4134,21.9,17.814421963460433,4.085578036539566,18.65560747278341,2021,6
4135,22.1,18.074765931414046,4.025234068585956,18.21372881713102,2021,6
4136,23.8,17.9056001430385,5.894399856961499,24.766385953619743,2021,6
4137,25.5,17.837790548644627,7.662209451355373,30.047880201393625,2021,6
4138,24.8,18.406224305949273,6.393775694050728,25.781353605043257,2021,6
4139,25.1,18.399020523721873,6.700979476278128,26.697129387562264,2021,6
4140,23.5,16.85036889738131,6.649631102618692,28.29630256433486,2021,6
4141,22.8,16.08042349583638,6.719576504163619,29.471826772647454,2021,6
4142,24.3,16.747449108503904,7.552550891496097,31.080456343605334,2021,6
4143,21.0,17.253568416896037,3.7464315831039627,17.840150395733158,2021,6
4144,23.2,15.833064056608011,7.366935943391988,31.75403423875857,2021,6
4145,25.6,16.79626070758641,8.803739292413592,34.38960661099059,2021,6
4146,25.7,16.84714604161626,8.85285395838374,34.446902561804436,2021,6
4147,23.1,16.001398599047953,7.098601400952049,30.72987619459761,2021,6
4148,22.9,16.09583556794282,6.804164432057178,29.712508436930907,2021,6
4149,24.6,15.879686275493714,8.720313724506287,35.44842977441579,2021,6
4150,24.1,15.352780295049039,8.747219704950963,36.295517447929306,2021,6
4151,23.8,15.645337733979819,8.154662266020182,34.26328683201757,2021,6
4152,24.9,16.56455915755066,8.335440842449337,33.47566603393308,2021,6
4153,23.9,17.272268057886578,6.627731942113421,27.731095992106365,2021,6
4154,25.8,17.006284328732747,8.793715671267254,34.08416926847772,2021,6
4155,25.9,17.07617134267173,8.823828657328267,34.068836514780955,2021,6
4156,25.7,17.612032679416956,8.087967320583044,31.470689963358144,2021,6
4157,21.5,18.3308193788343,3.169180621165701,14.740374982166053,2021,6
4158,25.1,19.275044995364862,5.8249550046351395,23.2069920503392,2021,6
4159,22.6,19.24543396639752,3.354566033602481,14.843212538064074,2021,6
4160,24.2,19.325986524499577,4.874013475500423,20.14055155165464,2021,6
4161,25.0,20.78853078015728,4.211469219842719,16.845876879370877,2021,6
4162,25.1,20.885044134025947,4.214955865974055,16.792652852486274,2021,6
4163,26.1,20.011302980790756,6.0886970192092456,23.328341069767223,2021,6
4164,26.7,20.110500144449034,6.589499855550965,24.679774739891254,2021,6
4165,26.0,20.722756070046565,5.2772439299534355,20.297092038282443,2021,6
4166,27.2,20.27439743607417,6.925602563925828,25.46177413208025,2021,6
4167,26.2,20.002349207843626,6.197650792156374,23.655155695253335,2021,6
4168,22.8,18.862084165383486,3.937915834616515,17.27156067814261,2021,6
4169,27.6,18.972573987229907,8.627426012770094,31.258789901340915,2021,6
4170,27.1,19.08668902894952,8.01331097105048,29.56941317730804,2021,6
4171,27.8,18.031572970064403,9.768427029935598,35.13822672638704,2021,6
4172,20.8,17.845425873619686,2.954574126380315,14.20468329990536,2021,6
4173,20.6,14.652560562493568,5.947439437506434,28.87106523061376,2022,6
4174,26.1,18.829582667727912,7.270417332272089,27.856005104490762,2022,6
4175,28.3,18.693503986997477,9.606496013002523,33.94521559364849,2022,6
4176,28.3,18.693423813909483,9.606576186090518,33.94549889077921,2022,6
4177,26.8,18.430693386085355,8.369306613914645,31.22875602206957,2022,6
4178,27.7,17.680461628647276,10.019538371352724,36.171618669143406,2022,6
4179,27.7,18.08584810872855,9.614151891271451,34.70812957137708,2022,6
4180,28.2,18.343664073696406,9.856335926303593,34.951545837956004,2022,6
4181,26.8,17.421546002254438,9.378453997745563,34.9942313348715,2022,6
4182,27.4,16.876905834661805,10.523094165338193,38.40545315816859,2022,6
4183,27.8,17.55356543495722,10.24643456504278,36.85767829152079,2022,6
4184,27.3,17.113746494370204,10.186253505629796,37.31228390340585,2022,6
4185,26.8,17.942900048199007,8.857099951800993,33.04888041716789,2022,6
4186,26.7,18.342463464325313,8.357536535674686,31.30163496507373,2022,6
4187,28.9,17.654103070644144,11.245896929355855,38.91313816386109,2022,6
4188,26.5,18.2556023669981,8.244397633001899,31.110934464158106,2022,6
4189,27.0,18.0682401202745,8.931759879725501,33.08059214713148,2022,6
4190,23.8,18.328843406021548,5.471156593978453,22.98805291587585,2022,6
4191,28.4,18.505531780294692,9.894468219705306,34.83967682994826,2022,6
4192,27.4,18.51839520066401,8.881604799335989,32.41461605597076,2022,6
4193,29.6,18.45835488505384,11.141645114946161,37.64069295589919,2022,6
4194,29.2,18.47543250366241,10.724567496337588,36.72797087786846,2022,6
4195,23.6,19.112957914810192,4.48704208518981,19.012890191482242,2022,6
4196,28.3,20.169745284117937,8.130254715882064,28.728815250466656,2022,6
4197,27.0,19.25701280493067,7.742987195069329,28.677730352108625,2022,6
4198,28.9,19.039345291413994,9.860654708586004,34.11991248645677,2022,6
4199,28.5,19.92338653234885,8.57661346765115,30.093380588249648,2022,6
4200,23.6,21.105920366309533,2.4940796336904683,10.568134041061306,2022,6
4201,29.8,20.51601218395468,9.283987816045322,31.154321530353428,2022,6
4202,31.2,20.933433034952515,10.266566965047485,32.90566334951117,2022,6
4203,30.3,21.68623106306805,8.613768936931951,28.42828031990743,2022,6
4204,29.0,21.93299403093162,7.067005969068379,24.36898610023579,2022,6
4205,29.1,21.557986347208555,7.5420136527914465,25.91757269000497,2022,6
4206,30.3,20.685604799632227,9.614395200367774,31.73067722893655,2022,6
4207,28.6,18.9907518959792,9.6092481040208,33.59876959447832,2022,6
4208,29.2,18.200752912207772,10.999247087792227,37.668654410247356,2022,6
4209,25.0,18.203089116222593,6.796910883777407,27.18764353510963,2022,6
4210,28.8,18.847328661713213,9.952671338286788,34.557886591273565,2022,6
4211,30.0,19.204595705235942,10.795404294764058,35.98468098254686,2022,6
4212,28.0,19.673735101959515,8.326264898040485,29.73666035014459,2022,6
4213,29.7,20.76479238637752,8.935207613622481,30.084874119941013,2022,6
4214,30.2,21.430008611670367,8.769991388329633,29.039706583872952,2022,6
4215,29.5,21.818964498583764,7.681035501416236,26.03740847937707,2022,6
4216,29.7,21.150412677123725,8.549587322876274,28.786489302613717,2022,6
4217,29.4,20.77523945552567,8.624760544474327,29.335920219300434,2022,6
4218,28.3,20.1352327355277,8.1647672644723,28.850767718983388,2022,6
4219,30.0,18.45460560964056,11.54539439035944,38.4846479678648,2022,6
4220,24.7,17.56604463509802,7.133955364901979,28.882410384218538,2022,6
4221,28.5,18.61123274805024,9.888767251949758,34.69742895420968,2022,6
4222,27.3,17.742251862506116,9.557748137493885,35.01006643770654,2022,6
4223,29.4,16.239221323577326,13.160778676422673,44.76455332116556,2022,6
4224,26.3,16.027414448513767,10.272585551486234,39.059260652038915,2022,6
4225,22.7,16.445532134531874,6.254467865468126,27.552721874308922,2022,6
4226,25.799999999999997,18.27957881988418,7.520421180115818,29.14891930277449,2023,6
4227,28.8,17.877745507564747,10.922254492435254,37.92449476540018,2023,6
4228,29.799999999999997,17.54350890063716,12.256491099362837,41.129164762962546,2023,6
4229,27.9,17.62949446394576,10.270505536054237,36.811847799477555,2023,6
4230,26.4,17.65801577993473,8.74198422006527,33.113576591156324,2023,6
4231,25.3,17.627186889664017,7.672813110335984,30.327324546782542,2023,6
4232,28.2,17.653851003252154,10.546148996747846,37.39769147782924,2023,6
4233,26.2,16.88363688559161,9.31636311440839,35.55863784125339,2023,6
4234,27.4,16.240919880952376,11.159080119047623,40.726569777546075,2023,6
4235,24.2,16.851704974964417,7.348295025035583,30.364855475353647,2023,6
4236,24.2,16.99011651118426,7.209883488815738,29.792906978577427,2023,6
4237,24.9,17.168347215727472,7.7316527842725264,31.050814394668784,2023,6
4238,24.0,18.22902801459664,5.77097198540336,24.045716605847332,2023,6
4239,23.700000000000003,17.73719676748219,5.962803232517814,25.159507310201747,2023,6
4240,23.9,17.26757432375653,6.632425676243468,27.7507350470438,2023,6
4241,27.0,17.68958982975054,9.310410170249462,34.48300063055356,2023,6
4242,24.3,17.898646123251275,6.4013538767487255,26.343020068924794,2023,6
4243,26.799999999999997,18.22976671521255,8.570233284787449,31.97848240592332,2023,6
4244,24.700000000000003,17.956453625100572,6.743546374899431,27.301807185827652,2023,6
4245,25.0,16.686264992374856,8.313735007625144,33.25494003050058,2023,6
4246,24.4,15.959489119270797,8.440510880729201,34.59225770790656,2023,6
4247,22.2,18.129411165467978,4.070588834532021,18.33598574113523,2023,6
4248,25.4,18.37780249913404,7.022197500865957,27.64644685380298,2023,6
4249,25.7,18.165118280309734,7.534881719690265,29.318605913191693,2023,6
4250,24.1,18.72039128165298,5.379608718347022,22.322027876958597,2023,6
4251,25.8,19.667355348141527,6.132644651858474,23.769940511079355,2023,6
4252,19.1,19.770325798328972,-0.670325798328971,-3.509559153554822,2023,6
4253,24.1,20.726022838497855,3.3739771615021468,13.99990523444874,2023,6
4254,26.0,20.77752358386678,5.222476416133219,20.086447754358534,2023,6
4255,23.6,20.61046099109773,2.9895390089022698,12.667538173314702,2023,6
4256,24.0,21.132995881416512,2.8670041185834876,11.945850494097865,2023,6
4257,25.2,22.966064817340737,2.2339351826592626,8.864822153409772,2023,6
4258,27.4,24.146009256879886,3.253990743120113,11.875878624525962,2023,6
4259,25.5,23.27312752311952,2.22687247688048,8.73283324266855,2023,6
4260,26.1,22.914346876204043,3.1856531237959587,12.205567524122445,2023,6
4261,22.9,23.826904075863787,-0.9269040758637885,-4.047616051806937,2023,6
4262,26.6,23.004537486187584,3.595462513812418,13.516776367715854,2023,6
4263,27.6,22.514706642530662,5.0852933574693395,18.424975932859926,2023,6
4264,27.799999999999997,22.732291781542344,5.067708218457653,18.2291662534448,2023,6
4265,27.799999999999997,20.93769779276539,6.862302207234606,24.684540313793548,2023,6
4266,26.5,19.87159225169461,6.6284077483053885,25.012859427567502,2023,6
4267,27.6,21.427976568541403,6.172023431458598,22.362403737168833,2023,6
4268,27.4,20.838440837296382,6.561559162703617,23.947296214246776,2023,6
4269,26.7,20.377697689906988,6.322302310093011,23.679034869262217,2023,6
4270,26.9,20.14682128479062,6.75317871520938,25.104753588138962,2023,6
4271,27.200000000000003,20.462543639841904,6.737456360158099,24.770060147640066,2023,6
4272,22.2,19.104996991432458,3.0950030085675415,13.941454993547483,2023,6
4273,25.5,18.727891611730417,6.772108388269583,26.557287797135622,2023,6
4274,26.2,18.944636117781187,7.255363882218813,27.692228558087074,2023,6
4275,26.0,17.760437351346155,8.239562648653845,31.690625571745556,2023,6
4276,24.3,17.03330062121527,7.266699378784729,29.904112669896005,2023,6
4277,22.200000000000003,16.92852770443942,5.2714722955605815,23.74537070072334,2023,6
4278,22.2,18.13187033956311,4.068129660436888,18.324908380346344,2024,6
4279,25.0,17.336640554421912,7.663359445578088,30.653437782312352,2024,6
4280,19.4,16.999442009568334,2.4005579904316647,12.374010259957036,2024,6
4281,20.8,16.519778560900555,4.280221439099446,20.5779876879781,2024,6
4282,22.9,17.483784929276233,5.416215070723766,23.651594195300287,2024,6
4283,24.1,17.888604653838282,6.211395346161719,25.773424672870206,2024,6
4284,22.0,17.126988666355025,4.873011333644975,22.150051516568066,2024,6
4285,22.200000000000003,17.801651710825993,4.3983482891740096,19.812379680964003,2024,6
4286,21.9,17.476927384400756,4.423072615599242,20.196678610042206,2024,6
4287,20.6,16.831947367512836,3.7680526324871657,18.29151763343284,2024,6
4288,20.5,17.214770586697355,3.2852294133026447,16.02550933318363,2024,6
4289,20.4,18.290048155175295,2.109951844824703,10.342901200121094,2024,6
4290,18.5,18.211696662932475,0.288303337067525,1.558396416581216,2024,6
4291,20.3,17.93837717704457,2.3616228229554324,11.633609965297696,2024,6
4292,22.3,17.661566383080256,4.638433616919745,20.800150748519034,2024,6
4293,21.5,16.76915435467147,4.730845645328529,22.003933234086183,2024,6
4294,22.8,17.090987933249007,5.709012066750994,25.03952660855699,2024,6
4295,21.6,17.72801115244369,3.871988847556313,17.92587429424219,2024,6
4296,20.3,17.247677666045757,3.052322333954244,15.03607061061204,2024,6
4297,19.7,17.671909635183976,2.0280903648160233,10.294874948304686,2024,6
4298,20.7,17.04676910858096,3.653230891419039,17.648458412652364,2024,6
4299,19.0,18.012419579762025,0.9875804202379754,5.197791685463029,2024,6
4300,21.2,17.57610573351673,3.623894266483269,17.093840879638062,2024,6
4301,21.2,18.147388158799476,3.052611841200523,14.399112458493036,2024,6
4302,21.1,17.856443125901002,3.2435568740989993,15.372307460184832,2024,6
4303,20.4,18.19402143835821,2.205978561641789,10.813620400204849,2024,6
4304,18.4,18.45548439436302,-0.05548439436302033,-0.301545621538154,2024,6
4305,18.4,18.495345249811415,-0.09534524981141601,-0.5181807054968262,2024,6
4306,21.0,18.882728926268772,2.117271073731228,10.082243208243941,2024,6
4307,20.9,17.395647931396233,3.5043520686037652,16.767234778008447,2024,6
4308,20.5,18.016935249753057,2.4830647502469425,12.112510976814354,2024,6
4309,20.4,18.530131874506168,1.8698681254938307,9.166020223008974,2024,6
4310,21.5,19.344393203001598,2.155606796998402,10.026078125573964,2024,6
4311,21.7,21.029849465760837,0.6701505342391627,3.0882513098578928,2024,6
4312,22.4,20.56480808606943,1.8351919139305686,8.192821044332895,2024,6
4313,20.8,20.04726420975927,0.752735790240731,3.6189220684650527,2024,6
4314,23.8,20.35640300254653,3.443596997453472,14.468894947283495,2024,6
4315,23.8,20.708101876110106,3.0918981238898944,12.991168587772664,2024,6
4316,22.200000000000003,19.451469000461195,2.748530999538808,12.380770268192826,2024,6
4317,23.3,20.578228709016642,2.7217712909833587,11.681421849713985,2024,6
4318,22.2,22.126742473130562,0.07325752686943687,0.3299888597722382,2024,6
4319,23.6,21.633328331126563,1.9666716688734383,8.333354529124739,2024,6
4320,24.1,21.320384023616718,2.7796159763832833,11.533676250553041,2024,6
4321,24.700000000000003,22.04956893140327,2.650431068596731,10.730490156262068,2024,6
4322,22.700000000000003,20.52151437363057,2.178485626369433,9.596852979601026,2024,6
4323,24.0,20.093720989935164,3.9062790100648357,16.276162541936813,2024,6
4324,23.0,20.688932269049488,2.311067730950512,10.048120569350052,2024,6
4325,19.799999999999997,19.143046440411794,0.656953559588203,3.31794727064749,2024,6
4326,21.8,18.990345036431684,2.809654963568317,12.888325520955583,2024,6
4327,21.7,18.617365465209463,3.082634534790536,14.205689100417217,2024,6
4328,22.4,17.81652772631697,4.583472273683029,20.461929793227807,2024,6
4329,15.3,17.089410705448252,-1.789410705448251,-11.695494806851315,2024,6
4330,18.5,18.063437298471086,0.4365627015289135,2.359798386642776,2025,6
4331,19.4,17.686051827111744,1.713948172888255,8.834784396331212,2025,6
4332,20.8,17.525468026229944,3.2745319737700562,15.742942181586809,2025,6
4333,18.3,17.48489683550304,0.8151031644969606,4.454115652988856,2025,6
4334,21.7,17.431022524758557,4.268977475241442,19.67270725917715,2025,6
4335,20.6,17.18557484990918,3.414425150090821,16.574879369372916,2025,6
4336,19.3,17.127656801338876,2.1723431986611246,11.255664241767484,2025,6
4337,17.0,16.369840867418656,0.630159132581344,3.7068184269490825,2025,6
4338,20.5,17.20058818146866,3.2994118185313397,16.094691797713853,2025,6
4339,21.0,18.24282488188369,2.7571751181163116,13.129405324363388,2025,6
4340,19.0,16.742891609993045,2.2571083900069553,11.879517842141869,2025,6
4341,21.2,17.4505577588133,3.749442241186699,17.68604830748443,2025,6
4342,19.5,18.118103688747716,1.3818963112522837,7.0866477500117115,2025,6
4343,20.3,17.458045621376595,2.841954378623406,13.999775264154707,2025,6
4344,19.0,18.249529410914125,0.7504705890858752,3.9498452057151323,2025,6
4345,18.7,18.653771346127947,0.04622865387205266,0.24721205279172545,2025,6
4346,19.0,17.891908740189056,1.1080912598109443,5.832059262162864,2025,6
4347,18.1,17.819141258102885,0.28085874189711646,1.55170575633766,2025,6
4348,19.6,18.43602811918769,1.163971880812312,5.938632044960776,2025,6
4349,19.1,18.612859462728114,0.48714053727188755,2.550474017130301,2025,6
4350,20.8,17.92766529204465,2.87233470795535,13.809301480554566,2025,6
4351,16.799999999999997,16.40233135139433,0.3976686486056664,2.3670752893194433,2025,6
4352,20.4,16.42443944312486,3.9755605568751378,19.488041945466364,2025,6
4353,18.5,17.401223992554183,1.0987760074458173,5.93932976997739,2025,6
4354,17.8,16.636233043866863,1.1637669561331379,6.5380166074895385,2025,6
4355,18.1,16.197335914689745,1.9026640853102563,10.511956272432354,2025,6
4356,15.1,16.217387951980395,-1.1173879519803958,-7.3999202117907,2025,6
4357,17.6,16.382312341599892,1.2176876584001093,6.918679877273348,2025,6
4358,19.4,16.630205499847385,2.7697945001526136,14.277291237900073,2025,6
4359,19.700000000000003,16.457034220772215,3.242965779227788,16.461755224506536,2025,6
4360,19.5,17.280549480423634,2.219450519576366,11.381797536289056,2025,6
4361,19.0,18.596202509252137,0.40379749074786275,2.125249951304541,2025,6
4362,18.1,19.31321671767405,-1.2132167176740474,-6.702854793779267,2025,6
4363,19.1,19.59360032791451,-0.4936003279145069,-2.5842949105471567,2025,6
4364,19.9,20.021950288831086,-0.12195028883108705,-0.6128155217642566,2025,6
4365,17.2,19.657517998106112,-2.4575179981061126,-14.287895337826237,2025,6
4366,22.0,19.95804672144385,2.04195327855615,9.281605811618864,2025,6
4367,22.700000000000003,19.893162352880616,2.806837647119387,12.364923555592013,2025,6
4368,21.0,19.481157765531616,1.5188422344683836,7.232582068897065,2025,6
4369,21.2,20.359011063160487,0.840988936839512,3.966928947356189,2025,6
4370,21.2,20.88129231777987,0.31870768222012913,1.5033381236798544,2025,6
4371,21.9,20.593608805511238,1.3063911944887607,5.96525659583909,2025,6
4372,20.7,20.601388003209163,0.09861199679083654,0.4763864579267466,2025,6
4373,21.4,21.178558459169956,0.22144154083004253,1.0347735552805726,2025,6
4374,21.1,21.261190154319443,-0.16119015431944206,-0.7639343806608628,2025,6
4375,22.3,21.184909710341838,1.1150902896581627,5.000404886359474,2025,6
4376,22.0,19.26261267286887,2.737387327131131,12.442669668777869,2025,6
4377,17.8,18.49433230770783,-0.6943323077078283,-3.9007433017293724,2025,6
4378,20.5,19.537908656104236,0.9620913438957643,4.693128506808606,2025,6
4379,19.8,19.052782345023083,0.747217654976918,3.773826540287465,2025,6
4380,20.9,18.725286262644847,2.1747137373551517,10.405328886866755,2025,6
4381,15.6,16.98854491478688,-1.3885449147868787,-8.90092894094153,2025,6
